favoritos,fecha,nombre,retweets,usuario
32,2020-12-20 01:22:26,Juan Lloret,20,jotalloretv
225,2020-12-19 04:20:38,Juan Lloret,90,jotalloretv
34,2020-12-18 23:48:52,Juan Lloret,17,jotalloretv
10,2020-12-18 23:17:19,Juan Lloret,3,jotalloretv
90,2020-12-18 20:59:06,Juan Lloret,35,jotalloretv
33,2020-12-18 12:09:42,Juan Lloret,21,jotalloretv
81,2020-12-18 12:05:52,Juan Lloret,44,jotalloretv
153,2020-12-18 01:25:47,Juan Lloret,74,jotalloretv
69,2020-12-17 22:53:18,Juan Lloret,41,jotalloretv
56,2020-12-17 17:56:29,Juan Lloret,35,jotalloretv
54,2020-12-17 01:17:23,Juan Lloret,18,jotalloretv
65,2020-12-17 00:25:32,Juan Lloret,30,jotalloretv
16,2020-12-15 02:45:50,Juan Lloret,7,jotalloretv
58,2020-12-14 15:51:09,Juan Lloret,20,jotalloretv
275,2020-12-14 14:33:39,Juan Lloret,118,jotalloretv
25,2020-12-14 03:29:50,Juan Lloret,8,jotalloretv
60,2020-12-14 02:39:15,Juan Lloret,24,jotalloretv
104,2020-12-14 01:34:35,Juan Lloret,25,jotalloretv
19,2020-12-12 13:26:37,Juan Lloret,9,jotalloretv
140,2020-12-12 03:00:13,Juan Lloret,43,jotalloretv
40,2020-12-11 04:23:57,Juan Lloret,18,jotalloretv
27,2020-12-11 03:33:05,Juan Lloret,15,jotalloretv
19,2020-12-11 03:00:09,Juan Lloret,9,jotalloretv
69,2020-12-11 00:46:39,Juan Lloret,25,jotalloretv
371,2020-12-10 18:54:56,Juan Lloret,194,jotalloretv
402,2020-12-09 00:37:32,Juan Lloret,91,jotalloretv
231,2020-12-08 05:49:12,Juan Lloret,161,jotalloretv
62,2020-12-08 01:16:47,Juan Lloret,18,jotalloretv
71,2020-12-07 05:05:24,Juan Lloret,18,jotalloretv
84,2020-12-07 04:44:27,Juan Lloret,16,jotalloretv
63,2020-12-07 04:09:44,Juan Lloret,18,jotalloretv
118,2020-12-06 17:28:09,Juan Lloret,39,jotalloretv
24,2020-12-04 23:06:06,Juan Lloret,11,jotalloretv
52,2020-12-03 15:34:14,Juan Lloret,42,jotalloretv
46,2020-12-02 16:43:14,Juan Lloret,27,jotalloretv
102,2020-12-02 16:08:04,Juan Lloret,46,jotalloretv
9,2020-12-02 15:22:49,Juan Lloret,3,jotalloretv
19,2020-12-02 15:17:02,Juan Lloret,10,jotalloretv
83,2020-12-02 14:25:11,Juan Lloret,50,jotalloretv
238,2020-12-02 00:16:12,Juan Lloret,103,jotalloretv
33,2020-12-02 00:05:40,Juan Lloret,23,jotalloretv
37,2020-12-01 16:21:28,Juan Lloret,12,jotalloretv
490,2020-11-30 21:24:26,Juan Lloret,274,jotalloretv
10,2020-11-30 16:37:52,Juan Lloret,1,jotalloretv
66,2020-11-30 01:25:09,Juan Lloret,26,jotalloretv
96,2020-11-29 13:21:35,Juan Lloret,13,jotalloretv
319,2020-11-29 05:04:10,Juan Lloret,168,jotalloretv
322,2020-11-28 23:48:00,Juan Lloret,130,jotalloretv
91,2020-11-28 20:33:32,Juan Lloret,48,jotalloretv
6,2020-11-28 15:10:58,Juan Lloret,3,jotalloretv
0,2020-11-26 21:43:23,Juan Lloret,1,jotalloretv
31,2020-11-26 03:44:21,Juan Lloret,10,jotalloretv
0,2020-11-26 03:28:56,Juan Lloret,0,jotalloretv
32,2020-11-25 17:02:31,Juan Lloret,11,jotalloretv
622,2020-11-25 01:39:22,Juan Lloret,182,jotalloretv
104,2020-11-24 23:10:19,Juan Lloret,51,jotalloretv
492,2020-11-24 20:33:42,Juan Lloret,255,jotalloretv
143,2020-11-24 14:16:34,Juan Lloret,86,jotalloretv
33,2020-11-24 02:46:49,Juan Lloret,9,jotalloretv
205,2020-11-23 22:55:14,Juan Lloret,106,jotalloretv
6,2020-11-22 21:00:41,Juan Lloret,2,jotalloretv
143,2020-11-22 18:46:46,Juan Lloret,41,jotalloretv
120,2020-11-22 05:06:03,Juan Lloret,49,jotalloretv
209,2020-11-21 13:51:25,Juan Lloret,103,jotalloretv
6,2020-11-21 00:04:57,Juan Lloret,1,jotalloretv
54,2020-11-21 00:02:26,Juan Lloret,22,jotalloretv
56,2020-11-20 21:15:59,Juan Lloret,20,jotalloretv
82,2020-11-20 15:35:44,Juan Lloret,37,jotalloretv
261,2020-11-20 15:15:07,Juan Lloret,84,jotalloretv
3,2020-11-20 00:59:05,Juan Lloret,1,jotalloretv
1,2020-11-19 14:14:29,Juan Lloret,0,jotalloretv
54,2020-11-19 01:25:21,Juan Lloret,18,jotalloretv
273,2020-11-18 17:33:38,Juan Lloret,119,jotalloretv
4,2020-11-17 23:26:25,Juan Lloret,3,jotalloretv
33,2020-11-17 23:07:43,Juan Lloret,10,jotalloretv
63,2020-11-17 16:48:21,Juan Lloret,29,jotalloretv
471,2020-11-17 04:30:45,Juan Lloret,232,jotalloretv
36,2020-11-17 04:10:37,Juan Lloret,21,jotalloretv
184,2020-11-16 22:13:51,Juan Lloret,112,jotalloretv
122,2020-11-16 02:30:36,Juan Lloret,64,jotalloretv
98,2020-11-14 04:12:25,Juan Lloret,53,jotalloretv
143,2020-11-13 13:49:36,Juan Lloret,103,jotalloretv
27,2020-11-12 15:50:11,Juan Lloret,6,jotalloretv
123,2020-11-12 04:53:53,Juan Lloret,60,jotalloretv
17,2020-11-12 04:05:18,Juan Lloret,5,jotalloretv
1,2020-11-11 13:19:08,Juan Lloret,4,jotalloretv
19,2020-11-06 02:46:36,Juan Lloret,9,jotalloretv
208,2020-11-06 02:19:39,Juan Lloret,76,jotalloretv
1076,2020-11-05 19:50:32,Juan Lloret,578,jotalloretv
41,2020-11-05 18:45:48,Juan Lloret,16,jotalloretv
442,2020-11-05 04:58:37,Juan Lloret,214,jotalloretv
549,2020-11-04 18:59:14,Juan Lloret,404,jotalloretv
6,2020-11-04 15:15:01,Juan Lloret,0,jotalloretv
30,2020-11-04 05:34:55,Juan Lloret,4,jotalloretv
428,2020-11-03 23:23:13,Juan Lloret,167,jotalloretv
47,2020-11-03 22:50:34,Juan Lloret,11,jotalloretv
146,2020-11-03 16:33:00,Juan Lloret,40,jotalloretv
207,2020-11-02 03:50:08,Juan Lloret,100,jotalloretv
17,2020-11-01 20:33:10,Juan Lloret,5,jotalloretv
263,2020-10-31 16:21:36,Juan Lloret,135,jotalloretv
17,2020-10-31 15:01:12,Juan Lloret,5,jotalloretv
30,2020-10-30 23:08:37,Juan Lloret,6,jotalloretv
131,2020-10-30 15:52:58,Juan Lloret,46,jotalloretv
127,2020-10-28 03:22:56,Juan Lloret,35,jotalloretv
110,2020-10-27 09:22:03,Juan Lloret,29,jotalloretv
212,2020-10-26 22:31:01,Juan Lloret,86,jotalloretv
56,2020-10-26 03:39:28,Juan Lloret,29,jotalloretv
76,2020-10-26 03:12:12,Juan Lloret,24,jotalloretv
120,2020-10-25 15:55:24,Juan Lloret,40,jotalloretv
63,2020-10-25 12:22:23,Juan Lloret,15,jotalloretv
345,2020-10-25 00:52:25,Juan Lloret,91,jotalloretv
165,2020-10-24 16:53:22,Juan Lloret,50,jotalloretv
386,2020-10-24 16:13:08,Juan Lloret,168,jotalloretv
109,2020-10-24 12:05:00,Juan Lloret,37,jotalloretv
175,2020-10-23 19:42:13,Juan Lloret,77,jotalloretv
242,2020-10-23 02:31:51,Juan Lloret,88,jotalloretv
65,2020-10-22 15:28:40,Juan Lloret,23,jotalloretv
226,2020-10-21 03:45:33,Juan Lloret,121,jotalloretv
379,2020-10-19 05:01:59,Juan Lloret,194,jotalloretv
90,2020-10-19 03:10:27,Juan Lloret,50,jotalloretv
134,2020-10-18 17:44:23,Juan Lloret,57,jotalloretv
74,2020-10-18 15:10:43,Juan Lloret,64,jotalloretv
145,2020-10-18 14:04:48,Juan Lloret,92,jotalloretv
49,2020-10-18 04:00:16,Juan Lloret,14,jotalloretv
67,2020-10-17 14:34:10,Juan Lloret,27,jotalloretv
159,2020-10-17 05:07:59,Juan Lloret,108,jotalloretv
324,2020-10-16 04:46:15,Juan Lloret,290,jotalloretv
5,2020-10-15 18:23:29,Juan Lloret,7,jotalloretv
22,2020-10-15 15:45:13,Juan Lloret,16,jotalloretv
0,2020-10-14 04:12:10,Juan Lloret,1,jotalloretv
72,2020-10-13 23:40:21,Juan Lloret,42,jotalloretv
186,2020-10-13 22:55:27,Juan Lloret,100,jotalloretv
103,2020-10-13 16:06:06,Juan Lloret,75,jotalloretv
32,2020-10-13 13:27:26,Juan Lloret,20,jotalloretv
52,2020-10-13 04:48:13,Juan Lloret,26,jotalloretv
48,2020-10-12 21:56:41,Juan Lloret,25,jotalloretv
175,2020-10-12 20:56:08,Juan Lloret,153,jotalloretv
76,2020-10-12 17:56:59,Juan Lloret,60,jotalloretv
8,2020-10-12 16:00:25,Juan Lloret,8,jotalloretv
148,2020-10-12 15:47:21,Juan Lloret,116,jotalloretv
130,2020-10-12 15:36:55,Juan Lloret,111,jotalloretv
34,2020-10-12 15:05:59,Juan Lloret,26,jotalloretv
42,2020-10-11 22:42:44,Juan Lloret,10,jotalloretv
370,2020-10-11 18:57:18,Juan Lloret,319,jotalloretv
174,2020-10-11 00:41:28,Juan Lloret,68,jotalloretv
43,2020-10-10 23:47:57,Juan Lloret,29,jotalloretv
35,2020-10-10 23:11:18,Juan Lloret,17,jotalloretv
110,2020-10-10 03:24:56,Juan Lloret,54,jotalloretv
168,2020-10-10 02:08:16,Juan Lloret,48,jotalloretv
97,2020-10-09 16:37:21,Juan Lloret,44,jotalloretv
152,2020-10-09 02:17:00,Juan Lloret,109,jotalloretv
169,2020-10-08 02:01:51,Juan Lloret,129,jotalloretv
233,2020-10-07 18:50:32,Juan Lloret,181,jotalloretv
336,2020-10-06 15:09:43,Juan Lloret,196,jotalloretv
180,2020-10-06 00:52:06,Juan Lloret,138,jotalloretv
112,2020-10-06 00:50:02,Juan Lloret,70,jotalloretv
231,2020-10-05 18:30:19,Juan Lloret,145,jotalloretv
590,2020-10-04 14:56:21,Juan Lloret,363,jotalloretv
202,2020-10-04 02:20:28,Juan Lloret,99,jotalloretv
651,2020-10-03 18:23:25,Juan Lloret,304,jotalloretv
857,2020-10-02 17:57:23,Juan Lloret,473,jotalloretv
57,2020-10-02 12:12:56,Juan Lloret,36,jotalloretv
525,2020-10-01 05:47:16,Juan Lloret,237,jotalloretv
57,2020-10-01 04:35:10,Juan Lloret,17,jotalloretv
0,2020-12-19 23:49:22,Andrea Gonzales,0,AndreGonzalezBe
8,2020-12-19 14:43:13,Andrea Gonzales,6,AndreGonzalezBe
7,2020-12-19 04:10:52,Andrea Gonzales,1,AndreGonzalezBe
1,2020-12-19 00:27:59,Andrea Gonzales,5,AndreGonzalezBe
32,2020-12-18 20:57:27,Andrea Gonzales,20,AndreGonzalezBe
18,2020-12-18 14:11:55,Andrea Gonzales,9,AndreGonzalezBe
48,2020-12-18 03:16:44,Andrea Gonzales,30,AndreGonzalezBe
1,2020-12-17 18:20:58,Andrea Gonzales,0,AndreGonzalezBe
121,2020-12-17 17:10:29,Andrea Gonzales,49,AndreGonzalezBe
1,2020-12-16 21:40:56,Andrea Gonzales,0,AndreGonzalezBe
0,2020-12-16 16:10:24,Andrea Gonzales,0,AndreGonzalezBe
50,2020-12-16 16:03:42,Andrea Gonzales,22,AndreGonzalezBe
46,2020-12-16 04:29:23,Andrea Gonzales,20,AndreGonzalezBe
13,2020-12-14 16:20:12,Andrea Gonzales,5,AndreGonzalezBe
22,2020-12-14 16:02:53,Andrea Gonzales,14,AndreGonzalezBe
26,2020-12-14 02:49:09,Andrea Gonzales,5,AndreGonzalezBe
5,2020-12-13 21:16:35,Andrea Gonzales,0,AndreGonzalezBe
15,2020-12-13 03:24:37,Andrea Gonzales,13,AndreGonzalezBe
28,2020-12-12 02:25:41,Andrea Gonzales,10,AndreGonzalezBe
14,2020-12-11 01:22:57,Andrea Gonzales,7,AndreGonzalezBe
44,2020-12-10 23:08:59,Andrea Gonzales,15,AndreGonzalezBe
5,2020-12-09 15:46:11,Andrea Gonzales,2,AndreGonzalezBe
17,2020-12-08 23:12:21,Andrea Gonzales,8,AndreGonzalezBe
28,2020-12-05 19:33:14,Andrea Gonzales,12,AndreGonzalezBe
21,2020-12-05 02:32:57,Andrea Gonzales,9,AndreGonzalezBe
3,2020-12-04 23:06:40,Andrea Gonzales,1,AndreGonzalezBe
12,2020-12-03 21:39:49,Andrea Gonzales,6,AndreGonzalezBe
3,2020-12-03 14:13:26,Andrea Gonzales,2,AndreGonzalezBe
2,2020-12-02 17:06:50,Andrea Gonzales,1,AndreGonzalezBe
0,2020-12-02 16:20:30,Andrea Gonzales,2,AndreGonzalezBe
0,2020-12-02 16:17:21,Andrea Gonzales,1,AndreGonzalezBe
1,2020-12-02 15:10:12,Andrea Gonzales,1,AndreGonzalezBe
8,2020-12-02 14:41:59,Andrea Gonzales,10,AndreGonzalezBe
2,2020-12-02 14:30:25,Andrea Gonzales,0,AndreGonzalezBe
1,2020-12-02 14:28:16,Andrea Gonzales,0,AndreGonzalezBe
0,2020-12-02 13:22:37,Andrea Gonzales,0,AndreGonzalezBe
28,2020-11-29 04:11:34,Andrea Gonzales,8,AndreGonzalezBe
1,2020-11-28 20:16:01,Andrea Gonzales,0,AndreGonzalezBe
5,2020-11-27 00:45:22,Andrea Gonzales,1,AndreGonzalezBe
2,2020-11-27 00:15:12,Andrea Gonzales,1,AndreGonzalezBe
1,2020-11-27 00:13:39,Andrea Gonzales,0,AndreGonzalezBe
9,2020-11-26 22:59:45,Andrea Gonzales,3,AndreGonzalezBe
14,2020-11-26 03:44:49,Andrea Gonzales,7,AndreGonzalezBe
2,2020-11-25 01:48:06,Andrea Gonzales,0,AndreGonzalezBe
1,2020-11-25 01:34:51,Andrea Gonzales,0,AndreGonzalezBe
4,2020-11-24 23:22:39,Andrea Gonzales,0,AndreGonzalezBe
35,2020-11-24 15:07:29,Andrea Gonzales,28,AndreGonzalezBe
3,2020-11-24 01:54:39,Andrea Gonzales,3,AndreGonzalezBe
0,2020-11-22 21:12:01,Andrea Gonzales,0,AndreGonzalezBe
10,2020-11-22 20:48:24,Andrea Gonzales,6,AndreGonzalezBe
2,2020-11-22 17:18:06,Andrea Gonzales,1,AndreGonzalezBe
8,2020-11-20 15:55:59,Andrea Gonzales,5,AndreGonzalezBe
7,2020-11-18 01:14:23,Andrea Gonzales,2,AndreGonzalezBe
0,2020-11-17 14:52:51,Andrea Gonzales,0,AndreGonzalezBe
6,2020-11-17 02:11:48,Andrea Gonzales,2,AndreGonzalezBe
23,2020-11-16 22:55:06,Andrea Gonzales,16,AndreGonzalezBe
10,2020-11-16 05:27:12,Andrea Gonzales,6,AndreGonzalezBe
5,2020-11-14 17:10:53,Andrea Gonzales,3,AndreGonzalezBe
9,2020-11-13 17:34:58,Andrea Gonzales,1,AndreGonzalezBe
14,2020-11-12 19:31:26,Andrea Gonzales,7,AndreGonzalezBe
2,2020-11-12 05:16:42,Andrea Gonzales,0,AndreGonzalezBe
3,2020-11-11 18:02:44,Andrea Gonzales,0,AndreGonzalezBe
3,2020-11-10 15:51:30,Andrea Gonzales,0,AndreGonzalezBe
48,2020-11-09 20:45:39,Andrea Gonzales,21,AndreGonzalezBe
1,2020-11-08 15:20:35,Andrea Gonzales,1,AndreGonzalezBe
31,2020-11-05 16:35:48,Andrea Gonzales,19,AndreGonzalezBe
30,2020-11-03 12:13:44,Andrea Gonzales,11,AndreGonzalezBe
16,2020-10-31 15:54:56,Andrea Gonzales,11,AndreGonzalezBe
2,2020-10-30 17:50:03,Andrea Gonzales,3,AndreGonzalezBe
12,2020-10-30 17:46:10,Andrea Gonzales,14,AndreGonzalezBe
2,2020-10-30 13:34:04,Andrea Gonzales,1,AndreGonzalezBe
28,2020-10-27 15:21:40,Andrea Gonzales,21,AndreGonzalezBe
41,2020-10-26 21:32:06,Andrea Gonzales,19,AndreGonzalezBe
45,2020-10-25 17:19:35,Andrea Gonzales,22,AndreGonzalezBe
26,2020-10-25 05:22:16,Andrea Gonzales,15,AndreGonzalezBe
39,2020-10-25 03:27:56,Andrea Gonzales,15,AndreGonzalezBe
12,2020-10-24 17:52:42,Andrea Gonzales,4,AndreGonzalezBe
37,2020-10-24 04:32:22,Andrea Gonzales,21,AndreGonzalezBe
20,2020-10-23 19:34:58,Andrea Gonzales,11,AndreGonzalezBe
6,2020-10-22 14:45:00,Andrea Gonzales,3,AndreGonzalezBe
9,2020-10-19 02:09:06,Andrea Gonzales,2,AndreGonzalezBe
17,2020-10-19 02:05:40,Andrea Gonzales,8,AndreGonzalezBe
11,2020-10-19 00:02:02,Andrea Gonzales,1,AndreGonzalezBe
2,2020-10-18 18:18:13,Andrea Gonzales,1,AndreGonzalezBe
17,2020-10-18 14:33:50,Andrea Gonzales,8,AndreGonzalezBe
59,2020-10-17 23:36:53,Andrea Gonzales,25,AndreGonzalezBe
11,2020-10-17 11:42:49,Andrea Gonzales,3,AndreGonzalezBe
21,2020-10-15 19:27:22,Andrea Gonzales,10,AndreGonzalezBe
0,2020-10-14 15:06:40,Andrea Gonzales,1,AndreGonzalezBe
16,2020-10-13 17:11:10,Andrea Gonzales,12,AndreGonzalezBe
1,2020-10-12 21:37:51,Andrea Gonzales,0,AndreGonzalezBe
3,2020-10-12 20:50:29,Andrea Gonzales,0,AndreGonzalezBe
22,2020-10-12 14:03:24,Andrea Gonzales,11,AndreGonzalezBe
135,2020-10-08 19:19:14,Andrea Gonzales,59,AndreGonzalezBe
36,2020-10-03 17:16:52,Andrea Gonzales,18,AndreGonzalezBe
16,2020-10-02 13:26:22,Andrea Gonzales,6,AndreGonzalezBe
17,2020-10-01 21:57:40,Andrea Gonzales,13,AndreGonzalezBe
38,2020-12-19 02:20:11,Manuel Alvarado,14,manalvarado83
0,2020-12-19 00:45:52,Manuel Alvarado,0,manalvarado83
0,2020-12-19 00:45:41,Manuel Alvarado,0,manalvarado83
9,2020-12-18 21:48:40,Manuel Alvarado,9,manalvarado83
6,2020-12-18 18:43:24,Manuel Alvarado,5,manalvarado83
8,2020-12-18 02:11:16,Manuel Alvarado,2,manalvarado83
6,2020-12-18 01:22:38,Manuel Alvarado,4,manalvarado83
5,2020-12-16 16:30:06,Manuel Alvarado,1,manalvarado83
5,2020-12-14 22:54:31,Manuel Alvarado,2,manalvarado83
1,2020-12-14 18:56:08,Manuel Alvarado,0,manalvarado83
3,2020-12-14 16:21:53,Manuel Alvarado,0,manalvarado83
4,2020-12-14 15:27:28,Manuel Alvarado,0,manalvarado83
17,2020-12-14 01:28:44,Manuel Alvarado,6,manalvarado83
1,2020-12-13 22:20:49,Manuel Alvarado,2,manalvarado83
13,2020-12-13 04:37:54,Manuel Alvarado,0,manalvarado83
6,2020-12-11 20:38:59,Manuel Alvarado,4,manalvarado83
3,2020-12-11 19:19:37,Manuel Alvarado,0,manalvarado83
12,2020-12-11 18:37:19,Manuel Alvarado,2,manalvarado83
14,2020-12-11 00:55:46,Manuel Alvarado,5,manalvarado83
8,2020-12-11 00:35:46,Manuel Alvarado,0,manalvarado83
14,2020-12-10 19:48:22,Manuel Alvarado,2,manalvarado83
1,2020-12-10 03:35:52,Manuel Alvarado,1,manalvarado83
8,2020-12-10 03:31:36,Manuel Alvarado,0,manalvarado83
5,2020-12-09 15:45:26,Manuel Alvarado,2,manalvarado83
5,2020-12-09 02:59:36,Manuel Alvarado,0,manalvarado83
1,2020-12-08 23:48:01,Manuel Alvarado,0,manalvarado83
7,2020-12-08 23:24:27,Manuel Alvarado,0,manalvarado83
1,2020-12-08 19:22:30,Manuel Alvarado,0,manalvarado83
5,2020-12-08 18:33:19,Manuel Alvarado,1,manalvarado83
3,2020-12-08 00:03:54,Manuel Alvarado,2,manalvarado83
0,2020-12-07 23:56:07,Manuel Alvarado,0,manalvarado83
1,2020-12-07 04:19:37,Manuel Alvarado,1,manalvarado83
2,2020-12-07 04:13:18,Manuel Alvarado,0,manalvarado83
0,2020-12-07 03:54:47,Manuel Alvarado,0,manalvarado83
3,2020-12-06 23:42:37,Manuel Alvarado,1,manalvarado83
8,2020-12-06 23:07:08,Manuel Alvarado,2,manalvarado83
5,2020-12-06 22:28:35,Manuel Alvarado,1,manalvarado83
3,2020-12-06 20:34:19,Manuel Alvarado,2,manalvarado83
1,2020-12-06 18:40:22,Manuel Alvarado,1,manalvarado83
1,2020-12-06 17:36:37,Manuel Alvarado,1,manalvarado83
12,2020-12-06 15:55:49,Manuel Alvarado,1,manalvarado83
4,2020-12-05 16:25:32,Manuel Alvarado,0,manalvarado83
12,2020-12-05 15:33:50,Manuel Alvarado,4,manalvarado83
4,2020-12-04 15:16:40,Manuel Alvarado,0,manalvarado83
5,2020-12-04 14:36:06,Manuel Alvarado,2,manalvarado83
2,2020-12-03 22:57:24,Manuel Alvarado,0,manalvarado83
6,2020-12-03 22:54:03,Manuel Alvarado,3,manalvarado83
2,2020-12-03 17:10:00,Manuel Alvarado,3,manalvarado83
12,2020-12-03 15:20:35,Manuel Alvarado,8,manalvarado83
2,2020-12-02 21:47:07,Manuel Alvarado,1,manalvarado83
5,2020-11-29 23:59:16,Manuel Alvarado,3,manalvarado83
2,2020-11-29 16:10:34,Manuel Alvarado,1,manalvarado83
4,2020-11-28 22:51:24,Manuel Alvarado,2,manalvarado83
4,2020-11-28 13:35:58,Manuel Alvarado,1,manalvarado83
3,2020-11-28 04:12:45,Manuel Alvarado,2,manalvarado83
22,2020-11-27 03:29:29,Manuel Alvarado,10,manalvarado83
0,2020-11-26 22:03:05,Manuel Alvarado,0,manalvarado83
1,2020-11-26 19:30:33,Manuel Alvarado,1,manalvarado83
3,2020-11-25 18:53:03,Manuel Alvarado,1,manalvarado83
4,2020-11-25 14:39:31,Manuel Alvarado,0,manalvarado83
5,2020-11-25 02:27:20,Manuel Alvarado,4,manalvarado83
3,2020-11-22 20:44:56,Manuel Alvarado,0,manalvarado83
11,2020-11-22 20:44:55,Manuel Alvarado,1,manalvarado83
4,2020-11-22 16:03:03,Manuel Alvarado,0,manalvarado83
16,2020-11-22 00:38:24,Manuel Alvarado,3,manalvarado83
6,2020-11-20 23:36:55,Manuel Alvarado,2,manalvarado83
3,2020-11-20 21:05:07,Manuel Alvarado,2,manalvarado83
7,2020-11-20 20:14:29,Manuel Alvarado,3,manalvarado83
1,2020-11-20 19:23:08,Manuel Alvarado,0,manalvarado83
4,2020-11-20 18:11:11,Manuel Alvarado,3,manalvarado83
3,2020-11-20 17:21:35,Manuel Alvarado,2,manalvarado83
4,2020-11-20 16:59:38,Manuel Alvarado,1,manalvarado83
57,2020-11-20 15:32:11,Manuel Alvarado,20,manalvarado83
1,2020-11-19 14:57:37,Manuel Alvarado,0,manalvarado83
9,2020-11-18 17:41:06,Manuel Alvarado,2,manalvarado83
4,2020-11-17 23:09:50,Manuel Alvarado,1,manalvarado83
3,2020-11-17 20:28:36,Manuel Alvarado,0,manalvarado83
4,2020-11-17 19:09:37,Manuel Alvarado,0,manalvarado83
3,2020-11-17 19:09:20,Manuel Alvarado,0,manalvarado83
13,2020-11-16 00:20:09,Manuel Alvarado,7,manalvarado83
1,2020-11-14 17:48:21,Manuel Alvarado,0,manalvarado83
3,2020-11-14 17:03:38,Manuel Alvarado,0,manalvarado83
11,2020-11-14 04:22:18,Manuel Alvarado,2,manalvarado83
18,2020-11-13 19:04:57,Manuel Alvarado,3,manalvarado83
0,2020-11-13 01:52:38,Manuel Alvarado,1,manalvarado83
2,2020-11-12 20:10:11,Manuel Alvarado,1,manalvarado83
1,2020-11-12 19:13:30,Manuel Alvarado,3,manalvarado83
0,2020-11-12 19:13:10,Manuel Alvarado,2,manalvarado83
1,2020-11-12 19:12:43,Manuel Alvarado,2,manalvarado83
2,2020-11-12 19:11:31,Manuel Alvarado,2,manalvarado83
15,2020-11-07 18:32:25,Manuel Alvarado,7,manalvarado83
7,2020-11-05 19:01:42,Manuel Alvarado,2,manalvarado83
10,2020-11-03 23:22:07,Manuel Alvarado,5,manalvarado83
6,2020-11-03 13:21:21,Manuel Alvarado,3,manalvarado83
5,2020-11-02 15:46:52,Manuel Alvarado,3,manalvarado83
26,2020-11-02 03:15:03,Manuel Alvarado,5,manalvarado83
14,2020-11-01 17:23:43,Manuel Alvarado,1,manalvarado83
3,2020-11-01 15:41:12,Manuel Alvarado,1,manalvarado83
6,2020-10-31 13:56:01,Manuel Alvarado,0,manalvarado83
5,2020-10-27 22:30:04,Manuel Alvarado,0,manalvarado83
7,2020-10-26 20:52:25,Manuel Alvarado,2,manalvarado83
5,2020-10-25 21:11:57,Manuel Alvarado,5,manalvarado83
3,2020-10-25 20:30:51,Manuel Alvarado,1,manalvarado83
2,2020-10-25 20:27:48,Manuel Alvarado,1,manalvarado83
4,2020-10-25 20:15:55,Manuel Alvarado,1,manalvarado83
13,2020-10-25 20:15:46,Manuel Alvarado,5,manalvarado83
5,2020-10-25 16:09:47,Manuel Alvarado,2,manalvarado83
4,2020-10-25 13:19:57,Manuel Alvarado,2,manalvarado83
2,2020-10-24 19:13:04,Manuel Alvarado,1,manalvarado83
2,2020-10-24 19:12:48,Manuel Alvarado,1,manalvarado83
2,2020-10-24 19:09:12,Manuel Alvarado,1,manalvarado83
2,2020-10-24 19:07:24,Manuel Alvarado,1,manalvarado83
1,2020-10-24 17:41:06,Manuel Alvarado,1,manalvarado83
0,2020-10-24 17:41:05,Manuel Alvarado,1,manalvarado83
0,2020-10-24 17:41:04,Manuel Alvarado,1,manalvarado83
2,2020-10-24 17:41:02,Manuel Alvarado,2,manalvarado83
1,2020-10-24 17:40:26,Manuel Alvarado,0,manalvarado83
3,2020-10-24 17:40:25,Manuel Alvarado,3,manalvarado83
2,2020-10-24 14:27:47,Manuel Alvarado,1,manalvarado83
4,2020-10-24 02:33:55,Manuel Alvarado,3,manalvarado83
4,2020-10-24 02:33:20,Manuel Alvarado,0,manalvarado83
3,2020-10-24 02:31:08,Manuel Alvarado,0,manalvarado83
3,2020-10-24 02:29:22,Manuel Alvarado,1,manalvarado83
2,2020-10-24 02:28:42,Manuel Alvarado,2,manalvarado83
6,2020-10-23 21:53:07,Manuel Alvarado,1,manalvarado83
8,2020-10-23 19:48:13,Manuel Alvarado,1,manalvarado83
5,2020-10-23 19:01:00,Manuel Alvarado,1,manalvarado83
1,2020-10-23 17:38:05,Manuel Alvarado,0,manalvarado83
3,2020-10-23 02:47:09,Manuel Alvarado,0,manalvarado83
9,2020-10-23 01:54:38,Manuel Alvarado,4,manalvarado83
5,2020-10-22 14:24:10,Manuel Alvarado,1,manalvarado83
2,2020-10-22 13:45:57,Manuel Alvarado,2,manalvarado83
24,2020-10-21 19:13:53,Manuel Alvarado,13,manalvarado83
146,2020-10-20 01:56:30,Manuel Alvarado,79,manalvarado83
6,2020-10-19 20:15:43,Manuel Alvarado,3,manalvarado83
14,2020-10-19 00:27:59,Manuel Alvarado,3,manalvarado83
7,2020-10-18 22:45:12,Manuel Alvarado,4,manalvarado83
3,2020-10-18 18:19:30,Manuel Alvarado,1,manalvarado83
4,2020-10-18 17:50:43,Manuel Alvarado,3,manalvarado83
4,2020-10-18 17:20:20,Manuel Alvarado,2,manalvarado83
5,2020-10-18 16:53:03,Manuel Alvarado,3,manalvarado83
11,2020-10-15 20:49:41,Manuel Alvarado,6,manalvarado83
22,2020-10-15 16:49:59,Manuel Alvarado,5,manalvarado83
3,2020-10-15 04:26:15,Manuel Alvarado,0,manalvarado83
13,2020-10-15 04:15:00,Manuel Alvarado,2,manalvarado83
4,2020-10-14 00:45:59,Manuel Alvarado,0,manalvarado83
1,2020-10-13 21:22:37,Manuel Alvarado,0,manalvarado83
0,2020-10-13 20:29:53,Manuel Alvarado,2,manalvarado83
11,2020-10-10 10:31:12,Manuel Alvarado,3,manalvarado83
0,2020-10-10 02:57:35,Manuel Alvarado,0,manalvarado83
9,2020-10-09 16:35:35,Manuel Alvarado,4,manalvarado83
0,2020-10-06 13:06:13,Manuel Alvarado,0,manalvarado83
6,2020-10-04 13:14:55,Manuel Alvarado,2,manalvarado83
277,2020-10-03 21:47:11,Manuel Alvarado,85,manalvarado83
37,2020-10-03 17:35:44,Manuel Alvarado,13,manalvarado83
8,2020-10-03 17:28:00,Manuel Alvarado,3,manalvarado83
4,2020-10-03 17:03:13,Manuel Alvarado,3,manalvarado83
8,2020-10-01 22:56:01,Manuel Alvarado,3,manalvarado83
10,2020-10-01 12:48:52,Manuel Alvarado,5,manalvarado83
1,2020-12-19 13:41:33,Renzo Gutierrez,1,Renzoguti26
4,2020-12-18 05:34:36,Renzo Gutierrez,1,Renzoguti26
1,2020-12-17 15:29:51,Renzo Gutierrez,1,Renzoguti26
7,2020-12-16 18:13:34,Renzo Gutierrez,0,Renzoguti26
15,2020-12-16 00:14:20,Renzo Gutierrez,6,Renzoguti26
3,2020-12-15 17:16:09,Renzo Gutierrez,3,Renzoguti26
0,2020-12-15 14:56:41,Renzo Gutierrez,0,Renzoguti26
0,2020-12-15 01:47:01,Renzo Gutierrez,0,Renzoguti26
0,2020-12-14 17:51:33,Renzo Gutierrez,0,Renzoguti26
4,2020-12-14 01:43:58,Renzo Gutierrez,1,Renzoguti26
0,2020-12-14 01:43:47,Renzo Gutierrez,1,Renzoguti26
12,2020-12-14 01:12:41,Renzo Gutierrez,4,Renzoguti26
0,2020-12-09 17:37:45,Renzo Gutierrez,0,Renzoguti26
7,2020-12-09 01:44:09,Renzo Gutierrez,3,Renzoguti26
1,2020-12-03 13:29:36,Renzo Gutierrez,0,Renzoguti26
5,2020-12-01 02:39:16,Renzo Gutierrez,1,Renzoguti26
5,2020-11-29 17:21:10,Renzo Gutierrez,2,Renzoguti26
1,2020-11-26 00:35:01,Renzo Gutierrez,0,Renzoguti26
1,2020-11-24 04:55:52,Renzo Gutierrez,0,Renzoguti26
5,2020-11-24 00:56:33,Renzo Gutierrez,1,Renzoguti26
5,2020-11-22 00:12:56,Renzo Gutierrez,0,Renzoguti26
0,2020-11-20 20:09:55,Renzo Gutierrez,0,Renzoguti26
3,2020-11-19 23:51:10,Renzo Gutierrez,1,Renzoguti26
5,2020-11-18 21:53:36,Renzo Gutierrez,0,Renzoguti26
4,2020-11-16 23:52:24,Renzo Gutierrez,0,Renzoguti26
4,2020-11-16 18:29:32,Renzo Gutierrez,2,Renzoguti26
0,2020-11-12 19:15:58,Renzo Gutierrez,0,Renzoguti26
6,2020-11-11 02:07:55,Renzo Gutierrez,4,Renzoguti26
6,2020-11-10 00:09:41,Renzo Gutierrez,3,Renzoguti26
2,2020-11-06 03:05:42,Renzo Gutierrez,0,Renzoguti26
7,2020-11-05 20:23:53,Renzo Gutierrez,3,Renzoguti26
2,2020-11-04 01:30:28,Renzo Gutierrez,0,Renzoguti26
2,2020-11-03 16:56:55,Renzo Gutierrez,0,Renzoguti26
1,2020-10-31 13:15:35,Renzo Gutierrez,0,Renzoguti26
4,2020-10-28 20:44:51,Renzo Gutierrez,3,Renzoguti26
5,2020-10-27 23:58:54,Renzo Gutierrez,3,Renzoguti26
12,2020-10-27 19:41:05,Renzo Gutierrez,2,Renzoguti26
7,2020-10-26 15:40:11,Renzo Gutierrez,5,Renzoguti26
6,2020-10-26 01:46:15,Renzo Gutierrez,0,Renzoguti26
0,2020-10-25 17:12:54,Renzo Gutierrez,0,Renzoguti26
33,2020-10-24 23:44:25,Renzo Gutierrez,10,Renzoguti26
0,2020-10-24 16:19:27,Renzo Gutierrez,0,Renzoguti26
1,2020-10-23 21:54:55,Renzo Gutierrez,1,Renzoguti26
10,2020-10-23 00:24:47,Renzo Gutierrez,6,Renzoguti26
3,2020-10-20 01:17:08,Renzo Gutierrez,2,Renzoguti26
2,2020-10-19 13:54:52,Renzo Gutierrez,0,Renzoguti26
10,2020-10-19 00:37:09,Renzo Gutierrez,4,Renzoguti26
6,2020-10-18 16:12:58,Renzo Gutierrez,3,Renzoguti26
0,2020-10-18 14:01:43,Renzo Gutierrez,0,Renzoguti26
25,2020-10-17 21:20:57,Renzo Gutierrez,9,Renzoguti26
21,2020-10-17 17:49:24,Renzo Gutierrez,6,Renzoguti26
45,2020-10-17 16:03:42,Renzo Gutierrez,21,Renzoguti26
9,2020-10-15 19:06:20,Renzo Gutierrez,1,Renzoguti26
1,2020-10-13 23:16:08,Renzo Gutierrez,0,Renzoguti26
7,2020-10-13 16:25:52,Renzo Gutierrez,6,Renzoguti26
1,2020-10-12 23:26:06,Renzo Gutierrez,0,Renzoguti26
9,2020-10-12 17:45:04,Renzo Gutierrez,3,Renzoguti26
6,2020-10-08 18:09:33,Renzo Gutierrez,2,Renzoguti26
22,2020-10-08 01:34:25,Renzo Gutierrez,14,Renzoguti26
5,2020-10-07 20:00:05,Renzo Gutierrez,2,Renzoguti26
1,2020-10-07 03:23:36,Renzo Gutierrez,0,Renzoguti26
2,2020-10-06 14:31:49,Renzo Gutierrez,1,Renzoguti26
0,2020-10-05 20:04:16,Renzo Gutierrez,0,Renzoguti26
39,2020-10-05 03:46:04,Renzo Gutierrez,22,Renzoguti26
11,2020-10-01 05:38:56,Renzo Gutierrez,7,Renzoguti26
0,2020-10-01 05:14:23,Renzo Gutierrez,0,Renzoguti26
4,2020-12-17 22:06:26,Lourdes Cuesta,0,LourdesCuestaO
4,2020-12-16 17:14:41,Lourdes Cuesta,1,LourdesCuestaO
46,2020-12-15 19:53:50,Lourdes Cuesta,21,LourdesCuestaO
2,2020-12-15 18:56:53,Lourdes Cuesta,0,LourdesCuestaO
6,2020-12-10 23:52:31,Lourdes Cuesta,0,LourdesCuestaO
7,2020-12-09 17:56:53,Lourdes Cuesta,4,LourdesCuestaO
216,2020-12-08 23:05:29,Lourdes Cuesta,38,LourdesCuestaO
4,2020-12-08 14:39:55,Lourdes Cuesta,0,LourdesCuestaO
302,2020-12-07 22:52:45,Lourdes Cuesta,70,LourdesCuestaO
10,2020-12-06 13:14:46,Lourdes Cuesta,0,LourdesCuestaO
10,2020-12-04 13:14:59,Lourdes Cuesta,1,LourdesCuestaO
0,2020-12-04 01:21:27,Lourdes Cuesta,0,LourdesCuestaO
1,2020-12-04 01:19:04,Lourdes Cuesta,0,LourdesCuestaO
9,2020-12-04 01:11:00,Lourdes Cuesta,0,LourdesCuestaO
2,2020-12-03 19:17:17,Lourdes Cuesta,0,LourdesCuestaO
2,2020-12-02 23:18:49,Lourdes Cuesta,0,LourdesCuestaO
0,2020-12-01 17:05:27,Lourdes Cuesta,0,LourdesCuestaO
18,2020-12-01 13:04:24,Lourdes Cuesta,2,LourdesCuestaO
4,2020-11-27 15:41:34,Lourdes Cuesta,0,LourdesCuestaO
20,2020-11-27 15:16:56,Lourdes Cuesta,8,LourdesCuestaO
1,2020-11-27 01:35:56,Lourdes Cuesta,0,LourdesCuestaO
6,2020-11-26 17:23:29,Lourdes Cuesta,1,LourdesCuestaO
156,2020-11-25 01:46:14,Lourdes Cuesta,28,LourdesCuestaO
9,2020-11-24 13:43:08,Lourdes Cuesta,1,LourdesCuestaO
667,2020-11-24 13:33:16,Lourdes Cuesta,134,LourdesCuestaO
11,2020-11-22 13:37:58,Lourdes Cuesta,0,LourdesCuestaO
67,2020-11-21 17:04:52,Lourdes Cuesta,5,LourdesCuestaO
6,2020-11-19 14:41:50,Lourdes Cuesta,2,LourdesCuestaO
21,2020-11-18 17:01:33,Lourdes Cuesta,4,LourdesCuestaO
6,2020-11-18 13:25:40,Lourdes Cuesta,3,LourdesCuestaO
1,2020-11-17 22:42:27,Lourdes Cuesta,0,LourdesCuestaO
12,2020-11-17 19:56:32,Lourdes Cuesta,5,LourdesCuestaO
2,2020-11-16 19:52:03,Lourdes Cuesta,0,LourdesCuestaO
1,2020-11-16 19:19:25,Lourdes Cuesta,0,LourdesCuestaO
65,2020-11-16 19:08:52,Lourdes Cuesta,6,LourdesCuestaO
0,2020-11-14 15:43:32,Lourdes Cuesta,0,LourdesCuestaO
2,2020-11-14 15:07:38,Lourdes Cuesta,0,LourdesCuestaO
21,2020-11-11 18:04:25,Lourdes Cuesta,10,LourdesCuestaO
3,2020-11-11 14:49:25,Lourdes Cuesta,0,LourdesCuestaO
16,2020-11-06 20:58:59,Lourdes Cuesta,4,LourdesCuestaO
3,2020-11-06 13:31:46,Lourdes Cuesta,0,LourdesCuestaO
9,2020-11-06 00:48:13,Lourdes Cuesta,2,LourdesCuestaO
5,2020-11-05 21:20:18,Lourdes Cuesta,0,LourdesCuestaO
0,2020-11-05 19:08:40,Lourdes Cuesta,0,LourdesCuestaO
51,2020-11-05 17:47:49,Lourdes Cuesta,9,LourdesCuestaO
17,2020-11-04 15:21:44,Lourdes Cuesta,5,LourdesCuestaO
58,2020-11-03 12:37:59,Lourdes Cuesta,15,LourdesCuestaO
5,2020-10-31 15:54:20,Lourdes Cuesta,0,LourdesCuestaO
3,2020-10-30 13:06:55,Lourdes Cuesta,1,LourdesCuestaO
6,2020-10-30 00:17:50,Lourdes Cuesta,2,LourdesCuestaO
9,2020-10-29 15:09:34,Lourdes Cuesta,0,LourdesCuestaO
1,2020-10-29 01:07:22,Lourdes Cuesta,1,LourdesCuestaO
2,2020-10-29 01:05:00,Lourdes Cuesta,0,LourdesCuestaO
1,2020-10-27 17:17:03,Lourdes Cuesta,0,LourdesCuestaO
0,2020-10-27 14:28:43,Lourdes Cuesta,0,LourdesCuestaO
1,2020-10-27 14:08:44,Lourdes Cuesta,0,LourdesCuestaO
1,2020-10-27 12:39:18,Lourdes Cuesta,0,LourdesCuestaO
1,2020-10-27 03:10:07,Lourdes Cuesta,0,LourdesCuestaO
5,2020-10-27 02:01:55,Lourdes Cuesta,1,LourdesCuestaO
9,2020-10-27 00:57:12,Lourdes Cuesta,1,LourdesCuestaO
1,2020-10-27 00:42:52,Lourdes Cuesta,0,LourdesCuestaO
0,2020-10-26 23:50:50,Lourdes Cuesta,0,LourdesCuestaO
2,2020-10-26 20:54:46,Lourdes Cuesta,0,LourdesCuestaO
1,2020-10-26 19:27:18,Lourdes Cuesta,0,LourdesCuestaO
1,2020-10-26 16:01:45,Lourdes Cuesta,0,LourdesCuestaO
678,2020-10-26 15:19:22,Lourdes Cuesta,428,LourdesCuestaO
7,2020-10-22 21:54:54,Lourdes Cuesta,2,LourdesCuestaO
14,2020-10-20 13:27:19,Lourdes Cuesta,3,LourdesCuestaO
7,2020-10-19 23:51:57,Lourdes Cuesta,0,LourdesCuestaO
16,2020-10-19 12:37:27,Lourdes Cuesta,3,LourdesCuestaO
20,2020-10-16 02:40:12,Lourdes Cuesta,3,LourdesCuestaO
9,2020-10-16 00:20:32,Lourdes Cuesta,5,LourdesCuestaO
25,2020-10-15 12:45:18,Lourdes Cuesta,10,LourdesCuestaO
18,2020-10-14 20:53:07,Lourdes Cuesta,2,LourdesCuestaO
30,2020-10-14 19:42:31,Lourdes Cuesta,10,LourdesCuestaO
8,2020-10-13 16:56:30,Lourdes Cuesta,5,LourdesCuestaO
6,2020-10-13 12:25:53,Lourdes Cuesta,0,LourdesCuestaO
11,2020-10-12 23:30:43,Lourdes Cuesta,4,LourdesCuestaO
4,2020-10-12 01:18:51,Lourdes Cuesta,0,LourdesCuestaO
22,2020-10-11 16:08:22,Lourdes Cuesta,1,LourdesCuestaO
0,2020-10-11 14:34:49,Lourdes Cuesta,1,LourdesCuestaO
7,2020-10-10 17:23:28,Lourdes Cuesta,1,LourdesCuestaO
187,2020-10-09 22:18:12,Lourdes Cuesta,25,LourdesCuestaO
0,2020-10-09 15:19:23,Lourdes Cuesta,1,LourdesCuestaO
33,2020-10-09 13:24:24,Lourdes Cuesta,8,LourdesCuestaO
23,2020-10-05 18:59:19,Lourdes Cuesta,9,LourdesCuestaO
151,2020-10-01 14:34:51,Lourdes Cuesta,74,LourdesCuestaO
0,2020-12-09 21:41:04,Juan Quilambaqui,0,juanquio_1981
0,2020-11-25 02:25:34,Juan Quilambaqui,0,juanquio_1981
1,2020-11-11 04:19:06,Juan Quilambaqui,0,juanquio_1981
7,2020-11-10 19:51:24,Juan Quilambaqui,1,juanquio_1981
4,2020-11-03 04:13:51,Juan Quilambaqui,1,juanquio_1981
0,2020-11-03 04:12:49,Juan Quilambaqui,0,juanquio_1981
0,2020-10-25 01:58:02,Juan Quilambaqui,0,juanquio_1981
0,2020-10-25 01:57:27,Juan Quilambaqui,0,juanquio_1981
0,2020-10-24 22:49:21,Juan Quilambaqui,0,juanquio_1981
2,2020-10-22 23:26:11,Juan Quilambaqui,0,juanquio_1981
2,2020-10-13 02:54:45,Juan Quilambaqui,0,juanquio_1981
1,2020-10-12 00:56:21,Juan Quilambaqui,0,juanquio_1981
4,2020-10-12 00:45:02,Juan Quilambaqui,1,juanquio_1981
2,2020-10-10 22:48:06,Juan Quilambaqui,0,juanquio_1981
5,2020-10-10 17:34:04,Juan Quilambaqui,1,juanquio_1981
9,2020-10-10 17:25:29,Juan Quilambaqui,3,juanquio_1981
0,2020-10-08 23:11:04,Juan Quilambaqui,0,juanquio_1981
6,2020-12-06 23:59:56,Julio Hinostroza,0,JulioHinostro12
8,2020-11-25 16:45:13,Julio Hinostroza,3,JulioHinostro12
2,2020-11-25 12:52:21,Julio Hinostroza,0,JulioHinostro12
4,2020-11-24 03:00:07,Julio Hinostroza,1,JulioHinostro12
3,2020-11-22 16:00:36,Julio Hinostroza,0,JulioHinostro12
2,2020-11-20 12:07:13,Julio Hinostroza,0,JulioHinostro12
1,2020-11-19 14:35:11,Julio Hinostroza,0,JulioHinostro12
0,2020-11-14 14:35:29,Julio Hinostroza,0,JulioHinostro12
7,2020-11-11 13:12:24,Julio Hinostroza,3,JulioHinostro12
3,2020-11-11 12:19:00,Julio Hinostroza,1,JulioHinostro12
0,2020-11-05 16:45:27,Julio Hinostroza,0,JulioHinostro12
2,2020-11-04 20:09:17,Julio Hinostroza,0,JulioHinostro12
7,2020-11-01 16:24:37,Julio Hinostroza,1,JulioHinostro12
2,2020-10-30 18:29:55,Julio Hinostroza,0,JulioHinostro12
2,2020-10-29 19:39:16,Julio Hinostroza,0,JulioHinostro12
0,2020-10-28 03:27:15,Julio Hinostroza,0,JulioHinostro12
3,2020-10-23 18:59:44,Julio Hinostroza,0,JulioHinostro12
8,2020-10-22 15:34:41,Julio Hinostroza,3,JulioHinostro12
8,2020-10-03 15:18:31,Julio Hinostroza,3,JulioHinostro12
5,2020-12-20 01:59:06,Sofia Sánchez,2,sofisanchezu
8,2020-12-18 14:44:45,Sofia Sánchez,1,sofisanchezu
22,2020-12-17 03:05:01,Sofia Sánchez,6,sofisanchezu
7,2020-12-12 01:24:49,Sofia Sánchez,1,sofisanchezu
1,2020-12-10 23:59:10,Sofia Sánchez,1,sofisanchezu
5,2020-12-02 21:46:41,Sofia Sánchez,1,sofisanchezu
4,2020-12-01 22:12:37,Sofia Sánchez,0,sofisanchezu
4,2020-11-25 21:13:12,Sofia Sánchez,0,sofisanchezu
9,2020-11-23 01:33:09,Sofia Sánchez,1,sofisanchezu
5,2020-11-20 01:56:49,Sofia Sánchez,1,sofisanchezu
7,2020-11-17 22:14:41,Sofia Sánchez,1,sofisanchezu
3,2020-11-17 22:09:21,Sofia Sánchez,0,sofisanchezu
2,2020-11-17 01:37:46,Sofia Sánchez,1,sofisanchezu
10,2020-11-17 00:05:14,Sofia Sánchez,1,sofisanchezu
12,2020-11-14 21:19:16,Sofia Sánchez,2,sofisanchezu
0,2020-11-13 01:48:08,Sofia Sánchez,0,sofisanchezu
12,2020-11-11 22:23:00,Sofia Sánchez,3,sofisanchezu
10,2020-11-10 20:56:15,Sofia Sánchez,3,sofisanchezu
12,2020-11-10 11:43:09,Sofia Sánchez,1,sofisanchezu
5,2020-11-09 02:54:50,Sofia Sánchez,3,sofisanchezu
4,2020-11-07 20:21:25,Sofia Sánchez,0,sofisanchezu
0,2020-11-06 23:42:23,Sofia Sánchez,0,sofisanchezu
4,2020-11-06 18:31:45,Sofia Sánchez,1,sofisanchezu
5,2020-11-06 04:06:41,Sofia Sánchez,4,sofisanchezu
8,2020-11-05 05:51:18,Sofia Sánchez,3,sofisanchezu
8,2020-11-04 01:07:50,Sofia Sánchez,1,sofisanchezu
1,2020-11-03 02:49:35,Sofia Sánchez,0,sofisanchezu
23,2020-11-02 01:31:06,Sofia Sánchez,5,sofisanchezu
2,2020-10-28 17:24:51,Sofia Sánchez,0,sofisanchezu
15,2020-10-28 14:12:31,Sofia Sánchez,5,sofisanchezu
11,2020-10-27 15:45:49,Sofia Sánchez,1,sofisanchezu
5,2020-10-25 23:51:17,Sofia Sánchez,1,sofisanchezu
6,2020-10-24 15:44:21,Sofia Sánchez,2,sofisanchezu
15,2020-10-22 03:35:23,Sofia Sánchez,1,sofisanchezu
6,2020-10-22 02:36:24,Sofia Sánchez,1,sofisanchezu
5,2020-10-19 14:47:07,Sofia Sánchez,2,sofisanchezu
1,2020-10-17 17:27:01,Sofia Sánchez,0,sofisanchezu
31,2020-10-17 17:19:02,Sofia Sánchez,4,sofisanchezu
29,2020-10-17 04:17:11,Sofia Sánchez,3,sofisanchezu
3,2020-10-16 14:27:11,Sofia Sánchez,2,sofisanchezu
29,2020-10-16 12:51:20,Sofia Sánchez,6,sofisanchezu
2,2020-10-08 16:15:27,Sofia Sánchez,0,sofisanchezu
42,2020-10-08 13:59:01,Sofia Sánchez,12,sofisanchezu
12,2020-10-06 16:05:32,Sofia Sánchez,3,sofisanchezu
17,2020-10-04 21:16:57,Sofia Sánchez,5,sofisanchezu
5,2020-12-17 18:05:17,Tito Cabrera,1,TitoCabreraTor1
1,2020-12-15 16:53:52,Tito Cabrera,0,TitoCabreraTor1
2,2020-11-22 18:09:16,Tito Cabrera,1,TitoCabreraTor1
2,2020-11-21 01:14:53,Tito Cabrera,1,TitoCabreraTor1
4,2020-11-15 22:08:29,Tito Cabrera,4,TitoCabreraTor1
1,2020-11-12 13:17:50,Tito Cabrera,0,TitoCabreraTor1
1,2020-11-12 13:03:55,Tito Cabrera,0,TitoCabreraTor1
3,2020-11-11 14:18:47,Tito Cabrera,0,TitoCabreraTor1
0,2020-12-17 15:22:57,Bernarda Ordoñez,0,BernardaOM
54,2020-12-17 01:42:49,Bernarda Ordoñez,11,BernardaOM
1,2020-12-13 05:20:46,Bernarda Ordoñez,0,BernardaOM
1,2020-12-11 03:12:49,Bernarda Ordoñez,0,BernardaOM
10,2020-12-10 14:48:25,Bernarda Ordoñez,0,BernardaOM
4,2020-12-09 21:39:37,Bernarda Ordoñez,0,BernardaOM
1,2020-12-09 17:35:06,Bernarda Ordoñez,0,BernardaOM
6,2020-12-06 23:29:12,Bernarda Ordoñez,0,BernardaOM
0,2020-12-06 21:23:11,Bernarda Ordoñez,0,BernardaOM
5,2020-12-06 20:03:27,Bernarda Ordoñez,3,BernardaOM
3,2020-12-06 18:17:38,Bernarda Ordoñez,0,BernardaOM
13,2020-12-06 14:11:37,Bernarda Ordoñez,0,BernardaOM
1,2020-12-04 05:39:33,Bernarda Ordoñez,0,BernardaOM
41,2020-12-04 04:56:56,Bernarda Ordoñez,4,BernardaOM
3,2020-12-03 22:56:52,Bernarda Ordoñez,1,BernardaOM
5,2020-12-03 22:56:52,Bernarda Ordoñez,2,BernardaOM
0,2020-11-29 19:32:26,Bernarda Ordoñez,0,BernardaOM
19,2020-11-29 17:02:21,Bernarda Ordoñez,1,BernardaOM
5,2020-11-29 13:35:46,Bernarda Ordoñez,1,BernardaOM
0,2020-11-27 19:36:29,Bernarda Ordoñez,0,BernardaOM
67,2020-11-27 18:50:50,Bernarda Ordoñez,11,BernardaOM
4,2020-11-26 20:47:58,Bernarda Ordoñez,1,BernardaOM
59,2020-11-25 12:42:22,Bernarda Ordoñez,24,BernardaOM
1,2020-11-24 13:31:48,Bernarda Ordoñez,0,BernardaOM
1,2020-11-24 13:31:07,Bernarda Ordoñez,0,BernardaOM
1,2020-11-24 13:30:28,Bernarda Ordoñez,0,BernardaOM
8,2020-11-24 03:54:03,Bernarda Ordoñez,1,BernardaOM
107,2020-11-24 03:52:05,Bernarda Ordoñez,1,BernardaOM
4,2020-11-21 18:20:18,Bernarda Ordoñez,0,BernardaOM
14,2020-11-21 17:39:52,Bernarda Ordoñez,1,BernardaOM
0,2020-11-19 21:38:28,Bernarda Ordoñez,0,BernardaOM
0,2020-11-19 21:29:04,Bernarda Ordoñez,0,BernardaOM
0,2020-11-19 19:58:21,Bernarda Ordoñez,0,BernardaOM
0,2020-11-19 19:57:56,Bernarda Ordoñez,0,BernardaOM
6,2020-11-19 16:06:22,Bernarda Ordoñez,0,BernardaOM
18,2020-11-18 16:26:33,Bernarda Ordoñez,6,BernardaOM
0,2020-11-18 16:12:28,Bernarda Ordoñez,0,BernardaOM
24,2020-11-18 14:36:07,Bernarda Ordoñez,4,BernardaOM
37,2020-11-18 01:21:43,Bernarda Ordoñez,8,BernardaOM
1,2020-11-17 01:17:07,Bernarda Ordoñez,0,BernardaOM
5,2020-11-16 23:28:53,Bernarda Ordoñez,0,BernardaOM
0,2020-11-16 16:51:49,Bernarda Ordoñez,0,BernardaOM
0,2020-11-16 14:40:43,Bernarda Ordoñez,0,BernardaOM
9,2020-11-16 14:15:40,Bernarda Ordoñez,6,BernardaOM
1,2020-11-16 01:55:57,Bernarda Ordoñez,0,BernardaOM
3,2020-11-16 01:05:09,Bernarda Ordoñez,0,BernardaOM
77,2020-11-16 00:47:23,Bernarda Ordoñez,22,BernardaOM
7,2020-11-15 20:15:31,Bernarda Ordoñez,1,BernardaOM
7,2020-11-13 20:22:33,Bernarda Ordoñez,0,BernardaOM
6,2020-11-13 15:31:16,Bernarda Ordoñez,2,BernardaOM
2,2020-11-11 15:31:48,Bernarda Ordoñez,0,BernardaOM
1,2020-11-11 15:23:24,Bernarda Ordoñez,0,BernardaOM
39,2020-11-09 14:39:36,Bernarda Ordoñez,9,BernardaOM
1,2020-11-09 02:40:56,Bernarda Ordoñez,0,BernardaOM
1,2020-11-08 15:03:41,Bernarda Ordoñez,0,BernardaOM
696,2020-11-07 18:09:16,Bernarda Ordoñez,288,BernardaOM
8,2020-11-06 17:08:56,Bernarda Ordoñez,2,BernardaOM
10,2020-11-06 15:40:38,Bernarda Ordoñez,3,BernardaOM
2,2020-11-05 23:31:36,Bernarda Ordoñez,0,BernardaOM
6,2020-11-05 18:33:02,Bernarda Ordoñez,2,BernardaOM
14,2020-11-05 18:22:00,Bernarda Ordoñez,1,BernardaOM
45,2020-11-05 18:21:58,Bernarda Ordoñez,8,BernardaOM
1,2020-11-05 17:46:18,Bernarda Ordoñez,0,BernardaOM
1,2020-11-05 00:22:35,Bernarda Ordoñez,0,BernardaOM
9,2020-11-05 00:11:25,Bernarda Ordoñez,1,BernardaOM
10,2020-11-04 23:44:36,Bernarda Ordoñez,3,BernardaOM
0,2020-11-04 15:04:11,Bernarda Ordoñez,0,BernardaOM
7,2020-11-04 15:01:29,Bernarda Ordoñez,3,BernardaOM
11,2020-11-04 13:34:09,Bernarda Ordoñez,0,BernardaOM
1,2020-11-04 04:06:48,Bernarda Ordoñez,0,BernardaOM
33,2020-11-04 00:19:16,Bernarda Ordoñez,1,BernardaOM
58,2020-11-03 13:47:43,Bernarda Ordoñez,10,BernardaOM
0,2020-11-01 18:34:30,Bernarda Ordoñez,0,BernardaOM
24,2020-11-01 17:47:21,Bernarda Ordoñez,3,BernardaOM
1,2020-11-01 12:57:51,Bernarda Ordoñez,0,BernardaOM
17,2020-11-01 02:28:17,Bernarda Ordoñez,3,BernardaOM
15,2020-10-31 16:00:51,Bernarda Ordoñez,4,BernardaOM
1,2020-10-31 00:46:24,Bernarda Ordoñez,0,BernardaOM
10,2020-10-30 15:25:11,Bernarda Ordoñez,0,BernardaOM
4,2020-10-30 14:33:06,Bernarda Ordoñez,1,BernardaOM
10,2020-10-30 03:45:44,Bernarda Ordoñez,5,BernardaOM
3,2020-10-30 00:40:20,Bernarda Ordoñez,0,BernardaOM
15,2020-10-30 00:09:19,Bernarda Ordoñez,2,BernardaOM
1,2020-10-29 14:10:57,Bernarda Ordoñez,0,BernardaOM
2,2020-10-28 23:08:17,Bernarda Ordoñez,0,BernardaOM
5,2020-10-28 19:07:37,Bernarda Ordoñez,0,BernardaOM
13,2020-10-28 18:59:41,Bernarda Ordoñez,2,BernardaOM
0,2020-10-28 18:53:31,Bernarda Ordoñez,0,BernardaOM
0,2020-10-28 13:45:05,Bernarda Ordoñez,0,BernardaOM
1,2020-10-26 22:37:06,Bernarda Ordoñez,0,BernardaOM
2,2020-10-26 22:26:34,Bernarda Ordoñez,0,BernardaOM
5,2020-10-26 22:16:37,Bernarda Ordoñez,0,BernardaOM
1,2020-10-26 22:02:29,Bernarda Ordoñez,0,BernardaOM
6,2020-10-26 15:15:42,Bernarda Ordoñez,1,BernardaOM
2,2020-10-26 04:38:05,Bernarda Ordoñez,0,BernardaOM
18,2020-10-26 04:09:05,Bernarda Ordoñez,0,BernardaOM
0,2020-10-23 18:07:47,Bernarda Ordoñez,0,BernardaOM
1,2020-10-23 17:48:58,Bernarda Ordoñez,0,BernardaOM
12,2020-10-23 17:43:56,Bernarda Ordoñez,1,BernardaOM
1,2020-10-23 14:13:45,Bernarda Ordoñez,0,BernardaOM
13,2020-10-23 13:38:38,Bernarda Ordoñez,3,BernardaOM
113,2020-10-23 11:08:36,Bernarda Ordoñez,3,BernardaOM
1,2020-10-21 17:00:34,Bernarda Ordoñez,0,BernardaOM
2,2020-10-21 15:00:12,Bernarda Ordoñez,0,BernardaOM
62,2020-10-21 03:58:29,Bernarda Ordoñez,14,BernardaOM
25,2020-10-20 19:57:27,Bernarda Ordoñez,2,BernardaOM
8,2020-10-20 16:20:44,Bernarda Ordoñez,1,BernardaOM
52,2020-10-19 22:29:23,Bernarda Ordoñez,5,BernardaOM
2,2020-10-17 16:19:50,Bernarda Ordoñez,0,BernardaOM
29,2020-10-10 15:43:23,Bernarda Ordoñez,1,BernardaOM
27,2020-10-10 01:21:45,Bernarda Ordoñez,2,BernardaOM
1,2020-10-09 21:51:58,Bernarda Ordoñez,0,BernardaOM
5,2020-10-09 20:32:12,Bernarda Ordoñez,1,BernardaOM
1,2020-10-09 20:07:32,Bernarda Ordoñez,0,BernardaOM
61,2020-10-09 18:39:02,Bernarda Ordoñez,22,BernardaOM
1,2020-10-09 14:35:03,Bernarda Ordoñez,0,BernardaOM
33,2020-10-09 14:17:19,Bernarda Ordoñez,6,BernardaOM
1,2020-10-09 13:54:34,Bernarda Ordoñez,0,BernardaOM
26,2020-10-09 13:34:40,Bernarda Ordoñez,6,BernardaOM
4,2020-10-09 03:07:23,Bernarda Ordoñez,0,BernardaOM
1,2020-10-08 14:24:53,Bernarda Ordoñez,0,BernardaOM
90,2020-10-07 21:39:59,Bernarda Ordoñez,12,BernardaOM
0,2020-10-07 00:06:36,Bernarda Ordoñez,0,BernardaOM
4,2020-10-05 14:30:06,Bernarda Ordoñez,0,BernardaOM
0,2020-10-02 13:55:28,Bernarda Ordoñez,0,BernardaOM
0,2020-10-02 13:55:25,Bernarda Ordoñez,0,BernardaOM
0,2020-10-02 13:55:21,Bernarda Ordoñez,0,BernardaOM
16,2020-10-02 13:55:19,Bernarda Ordoñez,2,BernardaOM
0,2020-12-12 01:19:14,Jonnathan Cuesta,0,CuestaJonnathan
4,2020-11-18 21:45:56,Jonnathan Cuesta,0,CuestaJonnathan
0,2020-11-17 03:03:04,Jonnathan Cuesta,0,CuestaJonnathan
2,2020-11-17 02:36:44,Jonnathan Cuesta,0,CuestaJonnathan
1,2020-10-26 02:59:26,Jonnathan Cuesta,0,CuestaJonnathan
3,2020-10-26 02:56:05,Jonnathan Cuesta,2,CuestaJonnathan
2,2020-10-26 02:53:46,Jonnathan Cuesta,0,CuestaJonnathan
1,2020-10-19 23:26:59,Jonnathan Cuesta,0,CuestaJonnathan
1,2020-10-06 12:42:34,Jonnathan Cuesta,0,CuestaJonnathan
0,2020-10-06 12:41:58,Jonnathan Cuesta,0,CuestaJonnathan
0,2020-12-20 04:33:00,Xavier Martinez,1,xaesma
13,2020-12-20 03:58:01,Xavier Martinez,5,xaesma
23,2020-12-19 15:37:32,Xavier Martinez,15,xaesma
23,2020-12-18 05:15:48,Xavier Martinez,11,xaesma
24,2020-12-17 03:04:05,Xavier Martinez,13,xaesma
15,2020-12-17 02:15:15,Xavier Martinez,8,xaesma
21,2020-12-16 20:23:12,Xavier Martinez,16,xaesma
32,2020-12-16 03:30:43,Xavier Martinez,20,xaesma
33,2020-12-05 16:35:29,Xavier Martinez,21,xaesma
27,2020-12-04 06:05:49,Xavier Martinez,15,xaesma
2,2020-12-01 19:21:47,Xavier Martinez,0,xaesma
18,2020-12-01 19:04:01,Xavier Martinez,9,xaesma
5,2020-11-30 21:47:00,Xavier Martinez,0,xaesma
8,2020-11-30 21:45:26,Xavier Martinez,2,xaesma
7,2020-11-30 15:07:54,Xavier Martinez,1,xaesma
5,2020-11-29 20:56:38,Xavier Martinez,1,xaesma
24,2020-11-28 14:23:45,Xavier Martinez,13,xaesma
6,2020-11-26 16:14:03,Xavier Martinez,1,xaesma
1,2020-11-26 03:00:09,Xavier Martinez,0,xaesma
13,2020-11-25 22:44:38,Xavier Martinez,4,xaesma
29,2020-11-25 17:31:15,Xavier Martinez,19,xaesma
3,2020-11-22 19:09:06,Xavier Martinez,0,xaesma
6,2020-11-22 14:25:46,Xavier Martinez,2,xaesma
13,2020-11-21 18:13:54,Xavier Martinez,8,xaesma
17,2020-11-21 18:13:36,Xavier Martinez,13,xaesma
1,2020-11-20 21:42:49,Xavier Martinez,0,xaesma
18,2020-11-20 01:39:22,Xavier Martinez,9,xaesma
10,2020-11-19 21:23:16,Xavier Martinez,5,xaesma
14,2020-11-19 21:23:15,Xavier Martinez,9,xaesma
1,2020-11-19 18:11:22,Xavier Martinez,0,xaesma
11,2020-11-19 17:36:40,Xavier Martinez,4,xaesma
7,2020-11-19 12:43:20,Xavier Martinez,0,xaesma
4,2020-11-19 03:23:14,Xavier Martinez,0,xaesma
1,2020-11-18 22:51:43,Xavier Martinez,0,xaesma
9,2020-11-18 22:30:03,Xavier Martinez,2,xaesma
19,2020-11-18 01:01:33,Xavier Martinez,15,xaesma
5,2020-11-18 00:16:42,Xavier Martinez,2,xaesma
9,2020-11-17 20:40:09,Xavier Martinez,3,xaesma
2,2020-11-17 15:52:49,Xavier Martinez,0,xaesma
27,2020-11-16 23:24:35,Xavier Martinez,11,xaesma
15,2020-11-14 23:11:38,Xavier Martinez,11,xaesma
31,2020-11-14 23:10:51,Xavier Martinez,15,xaesma
14,2020-11-14 15:55:37,Xavier Martinez,9,xaesma
14,2020-11-13 21:42:46,Xavier Martinez,8,xaesma
16,2020-11-13 21:42:46,Xavier Martinez,8,xaesma
15,2020-11-13 21:09:49,Xavier Martinez,7,xaesma
4,2020-11-12 22:46:42,Xavier Martinez,0,xaesma
0,2020-11-12 14:17:17,Xavier Martinez,0,xaesma
4,2020-11-12 14:09:44,Xavier Martinez,2,xaesma
20,2020-11-12 00:41:22,Xavier Martinez,8,xaesma
27,2020-11-12 00:41:20,Xavier Martinez,13,xaesma
19,2020-11-11 19:42:20,Xavier Martinez,12,xaesma
18,2020-11-11 16:38:53,Xavier Martinez,14,xaesma
20,2020-11-11 16:22:08,Xavier Martinez,15,xaesma
10,2020-11-05 22:02:14,Xavier Martinez,7,xaesma
33,2020-11-03 17:23:37,Xavier Martinez,20,xaesma
23,2020-11-03 13:51:07,Xavier Martinez,14,xaesma
4,2020-11-02 15:41:25,Xavier Martinez,1,xaesma
4,2020-11-01 04:21:40,Xavier Martinez,2,xaesma
34,2020-10-31 13:59:34,Xavier Martinez,21,xaesma
4,2020-10-30 00:05:05,Xavier Martinez,1,xaesma
1,2020-10-28 03:36:19,Xavier Martinez,0,xaesma
4,2020-10-28 03:21:41,Xavier Martinez,2,xaesma
3,2020-10-27 16:41:45,Xavier Martinez,1,xaesma
5,2020-10-25 03:30:02,Xavier Martinez,1,xaesma
29,2020-10-24 19:28:24,Xavier Martinez,19,xaesma
27,2020-10-24 19:22:55,Xavier Martinez,18,xaesma
33,2020-10-23 12:27:09,Xavier Martinez,18,xaesma
2,2020-10-22 03:40:16,Xavier Martinez,1,xaesma
2,2020-10-21 21:37:06,Xavier Martinez,0,xaesma
2,2020-10-21 18:12:40,Xavier Martinez,0,xaesma
1,2020-10-21 12:37:59,Xavier Martinez,0,xaesma
1,2020-10-21 00:14:48,Xavier Martinez,0,xaesma
1,2020-10-20 17:21:23,Xavier Martinez,0,xaesma
15,2020-10-20 01:02:22,Xavier Martinez,7,xaesma
46,2020-10-20 01:01:35,Xavier Martinez,24,xaesma
15,2020-10-19 21:39:18,Xavier Martinez,9,xaesma
6,2020-10-19 13:08:46,Xavier Martinez,4,xaesma
3,2020-10-16 18:25:39,Xavier Martinez,2,xaesma
5,2020-10-15 15:54:11,Xavier Martinez,2,xaesma
1,2020-10-14 14:24:40,Xavier Martinez,1,xaesma
8,2020-10-13 23:35:34,Xavier Martinez,4,xaesma
6,2020-10-13 20:54:38,Xavier Martinez,2,xaesma
19,2020-10-10 14:37:56,Xavier Martinez,5,xaesma
12,2020-10-09 17:03:03,Xavier Martinez,10,xaesma
18,2020-10-09 17:00:10,Xavier Martinez,13,xaesma
26,2020-10-09 16:45:34,Xavier Martinez,19,xaesma
5,2020-10-09 13:58:11,Xavier Martinez,2,xaesma
2,2020-10-08 04:32:37,Xavier Martinez,0,xaesma
2,2020-10-07 23:36:00,Xavier Martinez,1,xaesma
2,2020-10-07 23:35:04,Xavier Martinez,1,xaesma
2,2020-10-07 23:15:51,Xavier Martinez,1,xaesma
3,2020-10-07 22:53:14,Xavier Martinez,0,xaesma
2,2020-10-07 21:37:44,Xavier Martinez,1,xaesma
16,2020-10-07 21:31:35,Xavier Martinez,7,xaesma
2,2020-10-07 21:23:49,Xavier Martinez,0,xaesma
30,2020-10-07 21:21:00,Xavier Martinez,8,xaesma
13,2020-10-07 14:23:43,Xavier Martinez,2,xaesma
49,2020-10-07 01:25:45,Xavier Martinez,20,xaesma
2,2020-10-06 01:38:57,Xavier Martinez,0,xaesma
1,2020-10-05 15:08:12,Xavier Martinez,1,xaesma
2,2020-10-03 17:37:33,Xavier Martinez,0,xaesma
0,2020-10-02 12:26:17,Xavier Martinez,0,xaesma
5,2020-10-01 00:31:27,Xavier Martinez,1,xaesma
3,2020-12-14 15:50:35,Teresita Bermeo,1,TEABP
4,2020-12-13 12:26:25,Teresita Bermeo,1,TEABP
7,2020-12-10 18:39:27,Teresita Bermeo,2,TEABP
6,2020-12-10 17:34:09,Teresita Bermeo,1,TEABP
2,2020-12-10 15:54:35,Teresita Bermeo,1,TEABP
2,2020-12-08 20:56:33,Teresita Bermeo,1,TEABP
5,2020-12-07 12:55:29,Teresita Bermeo,1,TEABP
6,2020-12-06 20:44:33,Teresita Bermeo,2,TEABP
1,2020-12-05 19:50:33,Teresita Bermeo,0,TEABP
3,2020-12-05 19:35:47,Teresita Bermeo,0,TEABP
6,2020-12-05 11:43:55,Teresita Bermeo,1,TEABP
2,2020-12-05 11:38:36,Teresita Bermeo,0,TEABP
1,2020-12-04 15:32:01,Teresita Bermeo,0,TEABP
5,2020-12-02 17:55:26,Teresita Bermeo,3,TEABP
11,2020-12-02 13:02:41,Teresita Bermeo,3,TEABP
2,2020-12-02 12:26:05,Teresita Bermeo,1,TEABP
8,2020-12-01 13:28:11,Teresita Bermeo,5,TEABP
4,2020-11-30 22:05:04,Teresita Bermeo,2,TEABP
5,2020-11-30 12:30:39,Teresita Bermeo,2,TEABP
8,2020-11-30 12:21:27,Teresita Bermeo,0,TEABP
4,2020-11-30 12:19:59,Teresita Bermeo,2,TEABP
1,2020-11-05 23:25:39,Teresita Bermeo,0,TEABP
1,2020-11-03 03:26:07,Teresita Bermeo,0,TEABP
10,2020-10-31 12:19:40,Teresita Bermeo,6,TEABP
0,2020-10-28 12:26:23,Teresita Bermeo,0,TEABP
8,2020-10-28 12:26:18,Teresita Bermeo,1,TEABP
5,2020-10-27 19:57:15,Teresita Bermeo,3,TEABP
2,2020-10-27 11:33:32,Teresita Bermeo,1,TEABP
10,2020-10-26 23:43:18,Teresita Bermeo,4,TEABP
8,2020-10-26 11:17:10,Teresita Bermeo,2,TEABP
7,2020-10-23 23:30:58,Teresita Bermeo,4,TEABP
6,2020-10-23 23:00:52,Teresita Bermeo,2,TEABP
9,2020-10-21 16:56:21,Teresita Bermeo,3,TEABP
6,2020-10-21 16:38:16,Teresita Bermeo,3,TEABP
7,2020-10-21 01:52:22,Teresita Bermeo,4,TEABP
2,2020-10-20 16:14:16,Teresita Bermeo,2,TEABP
2,2020-10-20 14:42:59,Teresita Bermeo,0,TEABP
4,2020-10-20 14:42:43,Teresita Bermeo,1,TEABP
3,2020-10-20 03:18:38,Teresita Bermeo,2,TEABP
14,2020-10-19 00:55:45,Teresita Bermeo,8,TEABP
13,2020-10-18 17:34:00,Teresita Bermeo,10,TEABP
20,2020-10-14 17:36:28,Teresita Bermeo,14,TEABP
21,2020-10-11 22:58:06,Teresita Bermeo,6,TEABP
9,2020-12-18 23:44:36,Elizabeth Bermeo,4,LizBermeo35
4,2020-12-18 14:45:47,Elizabeth Bermeo,1,LizBermeo35
14,2020-12-17 03:44:14,Elizabeth Bermeo,4,LizBermeo35
6,2020-12-15 17:56:42,Elizabeth Bermeo,5,LizBermeo35
4,2020-12-15 17:32:06,Elizabeth Bermeo,3,LizBermeo35
4,2020-12-15 17:28:29,Elizabeth Bermeo,3,LizBermeo35
9,2020-12-15 16:30:58,Elizabeth Bermeo,3,LizBermeo35
12,2020-12-15 03:35:43,Elizabeth Bermeo,1,LizBermeo35
12,2020-12-14 14:19:58,Elizabeth Bermeo,3,LizBermeo35
12,2020-12-14 00:55:46,Elizabeth Bermeo,3,LizBermeo35
8,2020-12-12 16:43:36,Elizabeth Bermeo,1,LizBermeo35
16,2020-12-12 02:56:00,Elizabeth Bermeo,2,LizBermeo35
1,2020-12-12 01:03:35,Elizabeth Bermeo,0,LizBermeo35
6,2020-12-11 22:55:19,Elizabeth Bermeo,1,LizBermeo35
11,2020-12-11 22:28:09,Elizabeth Bermeo,2,LizBermeo35
1,2020-12-11 14:15:18,Elizabeth Bermeo,1,LizBermeo35
0,2020-12-11 14:07:09,Elizabeth Bermeo,0,LizBermeo35
11,2020-12-11 03:49:09,Elizabeth Bermeo,2,LizBermeo35
2,2020-12-10 01:06:30,Elizabeth Bermeo,0,LizBermeo35
0,2020-12-09 17:13:08,Elizabeth Bermeo,0,LizBermeo35
8,2020-12-09 12:53:10,Elizabeth Bermeo,1,LizBermeo35
11,2020-12-09 12:15:49,Elizabeth Bermeo,2,LizBermeo35
12,2020-12-09 03:45:27,Elizabeth Bermeo,3,LizBermeo35
15,2020-12-08 13:00:09,Elizabeth Bermeo,6,LizBermeo35
1,2020-12-08 12:45:21,Elizabeth Bermeo,0,LizBermeo35
18,2020-12-08 03:12:50,Elizabeth Bermeo,8,LizBermeo35
10,2020-12-07 00:57:00,Elizabeth Bermeo,3,LizBermeo35
11,2020-12-05 15:35:27,Elizabeth Bermeo,3,LizBermeo35
4,2020-12-04 22:35:45,Elizabeth Bermeo,0,LizBermeo35
4,2020-12-04 22:35:07,Elizabeth Bermeo,1,LizBermeo35
4,2020-12-04 15:02:07,Elizabeth Bermeo,0,LizBermeo35
1,2020-12-04 15:01:32,Elizabeth Bermeo,0,LizBermeo35
20,2020-12-03 18:58:17,Elizabeth Bermeo,7,LizBermeo35
4,2020-12-03 05:06:37,Elizabeth Bermeo,1,LizBermeo35
2,2020-12-02 14:31:06,Elizabeth Bermeo,1,LizBermeo35
0,2020-12-02 14:22:47,Elizabeth Bermeo,0,LizBermeo35
0,2020-12-02 14:13:46,Elizabeth Bermeo,0,LizBermeo35
4,2020-12-02 14:06:59,Elizabeth Bermeo,0,LizBermeo35
3,2020-12-02 00:04:02,Elizabeth Bermeo,1,LizBermeo35
3,2020-12-01 17:15:31,Elizabeth Bermeo,1,LizBermeo35
10,2020-12-01 10:57:58,Elizabeth Bermeo,3,LizBermeo35
7,2020-12-01 01:59:31,Elizabeth Bermeo,3,LizBermeo35
7,2020-11-30 18:19:25,Elizabeth Bermeo,3,LizBermeo35
5,2020-11-30 02:58:58,Elizabeth Bermeo,1,LizBermeo35
2,2020-11-30 02:51:22,Elizabeth Bermeo,1,LizBermeo35
3,2020-11-30 01:36:35,Elizabeth Bermeo,2,LizBermeo35
4,2020-11-29 23:08:38,Elizabeth Bermeo,2,LizBermeo35
0,2020-11-28 23:05:38,Elizabeth Bermeo,0,LizBermeo35
6,2020-11-28 16:47:13,Elizabeth Bermeo,2,LizBermeo35
0,2020-11-28 14:51:04,Elizabeth Bermeo,0,LizBermeo35
3,2020-11-28 01:24:43,Elizabeth Bermeo,1,LizBermeo35
10,2020-11-28 01:17:36,Elizabeth Bermeo,2,LizBermeo35
5,2020-11-27 12:36:47,Elizabeth Bermeo,3,LizBermeo35
2,2020-11-26 20:55:50,Elizabeth Bermeo,2,LizBermeo35
9,2020-11-25 18:44:16,Elizabeth Bermeo,3,LizBermeo35
3,2020-11-25 01:37:47,Elizabeth Bermeo,2,LizBermeo35
0,2020-11-24 22:02:32,Elizabeth Bermeo,0,LizBermeo35
5,2020-11-22 18:02:30,Elizabeth Bermeo,3,LizBermeo35
7,2020-11-19 02:55:34,Elizabeth Bermeo,3,LizBermeo35
1,2020-11-18 22:08:03,Elizabeth Bermeo,0,LizBermeo35
0,2020-11-18 21:46:27,Elizabeth Bermeo,0,LizBermeo35
13,2020-11-18 21:35:13,Elizabeth Bermeo,5,LizBermeo35
2,2020-11-13 21:30:07,Elizabeth Bermeo,0,LizBermeo35
12,2020-11-13 21:16:00,Elizabeth Bermeo,6,LizBermeo35
2,2020-11-07 06:03:06,Elizabeth Bermeo,2,LizBermeo35
1,2020-11-03 13:20:03,Elizabeth Bermeo,0,LizBermeo35
0,2020-10-29 14:08:57,Elizabeth Bermeo,0,LizBermeo35
0,2020-10-29 14:02:07,Elizabeth Bermeo,0,LizBermeo35
1,2020-10-29 13:23:57,Elizabeth Bermeo,1,LizBermeo35
0,2020-10-29 13:17:03,Elizabeth Bermeo,0,LizBermeo35
2,2020-10-15 03:10:29,Elizabeth Bermeo,0,LizBermeo35
0,2020-12-19 23:44:48,Rafael Vázquez,0,FICOVAZQUEZ
0,2020-12-19 21:17:12,Rafael Vázquez,0,FICOVAZQUEZ
0,2020-12-19 18:59:42,Rafael Vázquez,0,FICOVAZQUEZ
2,2020-12-19 18:50:41,Rafael Vázquez,0,FICOVAZQUEZ
1,2020-12-19 17:19:36,Rafael Vázquez,0,FICOVAZQUEZ
4,2020-12-19 02:21:32,Rafael Vázquez,0,FICOVAZQUEZ
1,2020-12-19 00:34:38,Rafael Vázquez,0,FICOVAZQUEZ
9,2020-12-19 00:23:02,Rafael Vázquez,0,FICOVAZQUEZ
1,2020-12-18 19:44:34,Rafael Vázquez,0,FICOVAZQUEZ
8,2020-12-18 19:00:23,Rafael Vázquez,1,FICOVAZQUEZ
7,2020-12-18 03:54:42,Rafael Vázquez,1,FICOVAZQUEZ
1,2020-12-17 23:44:16,Rafael Vázquez,0,FICOVAZQUEZ
0,2020-12-17 18:35:06,Rafael Vázquez,0,FICOVAZQUEZ
0,2020-12-17 18:33:44,Rafael Vázquez,0,FICOVAZQUEZ
4,2020-12-17 16:31:53,Rafael Vázquez,0,FICOVAZQUEZ
2,2020-12-17 05:13:32,Rafael Vázquez,0,FICOVAZQUEZ
7,2020-12-17 02:00:32,Rafael Vázquez,0,FICOVAZQUEZ
6,2020-12-17 01:58:30,Rafael Vázquez,0,FICOVAZQUEZ
0,2020-12-17 01:54:32,Rafael Vázquez,0,FICOVAZQUEZ
0,2020-12-17 01:54:25,Rafael Vázquez,0,FICOVAZQUEZ
0,2020-12-17 01:35:39,Rafael Vázquez,0,FICOVAZQUEZ
1,2020-12-17 00:02:21,Rafael Vázquez,0,FICOVAZQUEZ
1,2020-12-16 16:50:52,Rafael Vázquez,0,FICOVAZQUEZ
1,2020-12-16 15:31:53,Rafael Vázquez,1,FICOVAZQUEZ
0,2020-12-15 21:05:30,Rafael Vázquez,0,FICOVAZQUEZ
5,2020-12-15 19:10:15,Rafael Vázquez,0,FICOVAZQUEZ
2,2020-12-14 21:34:14,Rafael Vázquez,1,FICOVAZQUEZ
0,2020-12-14 18:46:35,Rafael Vázquez,0,FICOVAZQUEZ
3,2020-12-14 15:19:09,Rafael Vázquez,1,FICOVAZQUEZ
0,2020-12-14 02:13:47,Rafael Vázquez,0,FICOVAZQUEZ
0,2020-12-14 01:50:39,Rafael Vázquez,0,FICOVAZQUEZ
1,2020-12-14 00:48:50,Rafael Vázquez,0,FICOVAZQUEZ
3,2020-12-14 00:11:56,Rafael Vázquez,0,FICOVAZQUEZ
5,2020-12-13 17:16:06,Rafael Vázquez,1,FICOVAZQUEZ
1,2020-12-13 16:49:32,Rafael Vázquez,0,FICOVAZQUEZ
6,2020-12-13 16:30:12,Rafael Vázquez,0,FICOVAZQUEZ
0,2020-12-13 02:21:05,Rafael Vázquez,0,FICOVAZQUEZ
2,2020-12-13 00:07:05,Rafael Vázquez,0,FICOVAZQUEZ
1,2020-12-12 22:40:30,Rafael Vázquez,0,FICOVAZQUEZ
0,2020-12-12 21:22:45,Rafael Vázquez,0,FICOVAZQUEZ
3,2020-12-12 17:01:57,Rafael Vázquez,4,FICOVAZQUEZ
0,2020-12-11 21:15:55,Rafael Vázquez,1,FICOVAZQUEZ
2,2020-12-11 19:02:33,Rafael Vázquez,0,FICOVAZQUEZ
0,2020-12-11 16:06:54,Rafael Vázquez,0,FICOVAZQUEZ
1,2020-12-10 17:00:00,Rafael Vázquez,0,FICOVAZQUEZ
4,2020-12-10 15:24:24,Rafael Vázquez,1,FICOVAZQUEZ
1,2020-12-09 02:12:46,Rafael Vázquez,0,FICOVAZQUEZ
1,2020-12-08 22:57:46,Rafael Vázquez,0,FICOVAZQUEZ
2,2020-12-08 22:54:25,Rafael Vázquez,0,FICOVAZQUEZ
5,2020-12-07 15:48:07,Rafael Vázquez,0,FICOVAZQUEZ
1,2020-12-07 04:29:08,Rafael Vázquez,0,FICOVAZQUEZ
1,2020-12-07 04:27:10,Rafael Vázquez,0,FICOVAZQUEZ
1,2020-12-07 03:55:03,Rafael Vázquez,0,FICOVAZQUEZ
1,2020-12-07 03:49:49,Rafael Vázquez,0,FICOVAZQUEZ
1,2020-12-07 01:47:15,Rafael Vázquez,0,FICOVAZQUEZ
8,2020-12-05 03:57:49,Rafael Vázquez,1,FICOVAZQUEZ
4,2020-12-02 03:57:17,Rafael Vázquez,0,FICOVAZQUEZ
0,2020-12-01 18:07:26,Rafael Vázquez,0,FICOVAZQUEZ
1,2020-12-01 04:32:26,Rafael Vázquez,0,FICOVAZQUEZ
13,2020-11-30 14:50:31,Rafael Vázquez,4,FICOVAZQUEZ
4,2020-11-29 01:10:39,Rafael Vázquez,0,FICOVAZQUEZ
1,2020-11-29 01:10:24,Rafael Vázquez,0,FICOVAZQUEZ
0,2020-11-28 03:25:37,Rafael Vázquez,0,FICOVAZQUEZ
19,2020-11-27 21:15:21,Rafael Vázquez,9,FICOVAZQUEZ
2,2020-11-27 19:44:26,Rafael Vázquez,0,FICOVAZQUEZ
1,2020-11-27 19:34:02,Rafael Vázquez,0,FICOVAZQUEZ
2,2020-11-27 15:57:07,Rafael Vázquez,0,FICOVAZQUEZ
4,2020-11-27 15:19:11,Rafael Vázquez,5,FICOVAZQUEZ
1,2020-11-27 14:37:13,Rafael Vázquez,1,FICOVAZQUEZ
0,2020-11-27 14:00:37,Rafael Vázquez,0,FICOVAZQUEZ
2,2020-11-27 13:10:47,Rafael Vázquez,0,FICOVAZQUEZ
3,2020-11-27 03:36:16,Rafael Vázquez,0,FICOVAZQUEZ
0,2020-11-26 18:44:11,Rafael Vázquez,0,FICOVAZQUEZ
96,2020-11-26 17:13:08,Rafael Vázquez,15,FICOVAZQUEZ
3,2020-11-25 22:27:06,Rafael Vázquez,2,FICOVAZQUEZ
3,2020-11-25 13:08:51,Rafael Vázquez,0,FICOVAZQUEZ
1,2020-11-25 13:02:10,Rafael Vázquez,2,FICOVAZQUEZ
1,2020-11-25 05:19:26,Rafael Vázquez,0,FICOVAZQUEZ
2,2020-11-25 05:10:31,Rafael Vázquez,0,FICOVAZQUEZ
0,2020-11-25 04:21:50,Rafael Vázquez,0,FICOVAZQUEZ
0,2020-11-25 03:57:27,Rafael Vázquez,0,FICOVAZQUEZ
3,2020-11-25 03:43:31,Rafael Vázquez,4,FICOVAZQUEZ
2,2020-11-25 03:30:07,Rafael Vázquez,0,FICOVAZQUEZ
5,2020-11-22 23:06:59,Rafael Vázquez,0,FICOVAZQUEZ
3,2020-11-20 18:57:48,Rafael Vázquez,0,FICOVAZQUEZ
0,2020-11-20 13:21:26,Rafael Vázquez,0,FICOVAZQUEZ
2,2020-11-19 22:16:48,Rafael Vázquez,0,FICOVAZQUEZ
3,2020-11-19 15:40:25,Rafael Vázquez,0,FICOVAZQUEZ
7,2020-11-19 03:24:34,Rafael Vázquez,0,FICOVAZQUEZ
2,2020-11-19 02:30:16,Rafael Vázquez,0,FICOVAZQUEZ
0,2020-11-18 04:53:31,Rafael Vázquez,0,FICOVAZQUEZ
5,2020-11-17 23:24:41,Rafael Vázquez,0,FICOVAZQUEZ
3,2020-11-17 21:44:18,Rafael Vázquez,0,FICOVAZQUEZ
1,2020-11-17 15:24:58,Rafael Vázquez,0,FICOVAZQUEZ
2,2020-11-17 03:58:19,Rafael Vázquez,0,FICOVAZQUEZ
0,2020-11-16 14:35:28,Rafael Vázquez,0,FICOVAZQUEZ
0,2020-11-16 04:24:07,Rafael Vázquez,0,FICOVAZQUEZ
2,2020-11-16 03:37:13,Rafael Vázquez,0,FICOVAZQUEZ
2,2020-11-16 02:42:21,Rafael Vázquez,0,FICOVAZQUEZ
52,2020-11-16 02:02:27,Rafael Vázquez,9,FICOVAZQUEZ
0,2020-11-15 20:47:49,Rafael Vázquez,0,FICOVAZQUEZ
0,2020-11-15 20:41:55,Rafael Vázquez,1,FICOVAZQUEZ
1,2020-11-14 20:01:46,Rafael Vázquez,0,FICOVAZQUEZ
2,2020-11-14 19:45:11,Rafael Vázquez,0,FICOVAZQUEZ
5,2020-11-13 13:16:40,Rafael Vázquez,0,FICOVAZQUEZ
0,2020-11-12 02:18:35,Rafael Vázquez,0,FICOVAZQUEZ
1,2020-11-12 02:11:50,Rafael Vázquez,0,FICOVAZQUEZ
0,2020-11-12 01:12:46,Rafael Vázquez,0,FICOVAZQUEZ
2,2020-11-11 17:00:55,Rafael Vázquez,0,FICOVAZQUEZ
4,2020-11-11 03:44:01,Rafael Vázquez,0,FICOVAZQUEZ
0,2020-11-11 00:42:28,Rafael Vázquez,0,FICOVAZQUEZ
0,2020-11-10 23:19:28,Rafael Vázquez,0,FICOVAZQUEZ
3,2020-11-10 20:52:51,Rafael Vázquez,0,FICOVAZQUEZ
4,2020-11-10 00:21:23,Rafael Vázquez,1,FICOVAZQUEZ
4,2020-11-05 06:26:58,Rafael Vázquez,0,FICOVAZQUEZ
1,2020-11-04 14:43:09,Rafael Vázquez,0,FICOVAZQUEZ
1,2020-11-04 14:03:48,Rafael Vázquez,0,FICOVAZQUEZ
5,2020-11-02 22:01:21,Rafael Vázquez,3,FICOVAZQUEZ
1,2020-10-31 13:23:44,Rafael Vázquez,0,FICOVAZQUEZ
1,2020-10-30 20:19:59,Rafael Vázquez,0,FICOVAZQUEZ
2,2020-10-28 22:23:38,Rafael Vázquez,1,FICOVAZQUEZ
0,2020-10-28 16:59:28,Rafael Vázquez,0,FICOVAZQUEZ
0,2020-10-28 16:41:26,Rafael Vázquez,0,FICOVAZQUEZ
10,2020-10-28 15:58:01,Rafael Vázquez,2,FICOVAZQUEZ
0,2020-10-28 15:50:08,Rafael Vázquez,0,FICOVAZQUEZ
11,2020-10-27 23:20:00,Rafael Vázquez,0,FICOVAZQUEZ
2,2020-10-27 21:25:14,Rafael Vázquez,0,FICOVAZQUEZ
0,2020-10-27 18:01:04,Rafael Vázquez,0,FICOVAZQUEZ
5,2020-10-27 16:05:57,Rafael Vázquez,1,FICOVAZQUEZ
4,2020-10-26 16:28:37,Rafael Vázquez,1,FICOVAZQUEZ
4,2020-10-24 02:13:45,Rafael Vázquez,1,FICOVAZQUEZ
48,2020-10-24 01:21:34,Rafael Vázquez,10,FICOVAZQUEZ
0,2020-10-22 17:19:32,Rafael Vázquez,0,FICOVAZQUEZ
1,2020-10-22 13:45:39,Rafael Vázquez,0,FICOVAZQUEZ
6,2020-10-19 19:15:51,Rafael Vázquez,1,FICOVAZQUEZ
2,2020-10-19 15:48:44,Rafael Vázquez,1,FICOVAZQUEZ
1,2020-10-19 13:26:21,Rafael Vázquez,1,FICOVAZQUEZ
3,2020-10-18 06:27:25,Rafael Vázquez,0,FICOVAZQUEZ
2,2020-10-17 00:35:49,Rafael Vázquez,0,FICOVAZQUEZ
1,2020-10-16 22:54:54,Rafael Vázquez,0,FICOVAZQUEZ
4,2020-10-16 21:04:16,Rafael Vázquez,0,FICOVAZQUEZ
0,2020-10-16 19:09:23,Rafael Vázquez,0,FICOVAZQUEZ
1,2020-10-16 13:17:06,Rafael Vázquez,0,FICOVAZQUEZ
1,2020-10-16 02:15:56,Rafael Vázquez,0,FICOVAZQUEZ
2,2020-10-15 17:43:34,Rafael Vázquez,0,FICOVAZQUEZ
1,2020-10-15 16:27:56,Rafael Vázquez,0,FICOVAZQUEZ
1,2020-10-15 16:20:35,Rafael Vázquez,0,FICOVAZQUEZ
1,2020-10-15 15:48:00,Rafael Vázquez,0,FICOVAZQUEZ
1,2020-10-15 13:57:45,Rafael Vázquez,0,FICOVAZQUEZ
1,2020-10-14 17:05:49,Rafael Vázquez,1,FICOVAZQUEZ
1,2020-10-14 14:39:18,Rafael Vázquez,0,FICOVAZQUEZ
2,2020-10-14 11:19:04,Rafael Vázquez,0,FICOVAZQUEZ
1,2020-10-14 03:14:12,Rafael Vázquez,0,FICOVAZQUEZ
1,2020-10-13 14:38:58,Rafael Vázquez,0,FICOVAZQUEZ
0,2020-10-12 12:53:40,Rafael Vázquez,0,FICOVAZQUEZ
5,2020-10-08 22:37:21,Rafael Vázquez,3,FICOVAZQUEZ
4,2020-10-08 22:07:01,Rafael Vázquez,3,FICOVAZQUEZ
0,2020-10-07 23:54:22,Rafael Vázquez,0,FICOVAZQUEZ
5,2020-10-07 22:23:32,Rafael Vázquez,2,FICOVAZQUEZ
1,2020-10-03 02:46:16,Rafael Vázquez,0,FICOVAZQUEZ
4,2020-10-03 01:39:09,Rafael Vázquez,1,FICOVAZQUEZ
19,2020-10-02 17:22:52,Rafael Vázquez,5,FICOVAZQUEZ
1,2020-10-02 03:42:35,Rafael Vázquez,0,FICOVAZQUEZ
2,2020-10-02 03:07:16,Rafael Vázquez,0,FICOVAZQUEZ
6,2020-10-02 02:58:05,Rafael Vázquez,0,FICOVAZQUEZ
0,2020-10-01 22:43:41,Rafael Vázquez,0,FICOVAZQUEZ
1,2020-10-01 18:08:59,Rafael Vázquez,0,FICOVAZQUEZ
66,2020-12-18 17:18:48,Marcelo Cabrera,13,MarceloHCabrera
3,2020-12-01 14:22:06,Marcelo Cabrera,0,MarceloHCabrera
28,2020-11-29 22:46:00,Marcelo Cabrera,2,MarceloHCabrera
14,2020-11-25 17:50:48,Marcelo Cabrera,2,MarceloHCabrera
29,2020-11-22 22:32:16,Marcelo Cabrera,5,MarceloHCabrera
119,2020-11-22 05:51:36,Marcelo Cabrera,15,MarceloHCabrera
16,2020-11-19 12:37:02,Marcelo Cabrera,0,MarceloHCabrera
10,2020-11-18 11:30:14,Marcelo Cabrera,0,MarceloHCabrera
2,2020-11-18 11:14:27,Marcelo Cabrera,0,MarceloHCabrera
25,2020-11-17 04:14:39,Marcelo Cabrera,7,MarceloHCabrera
2,2020-11-16 00:42:14,Marcelo Cabrera,0,MarceloHCabrera
3,2020-11-14 22:58:15,Marcelo Cabrera,3,MarceloHCabrera
27,2020-11-13 20:09:35,Marcelo Cabrera,2,MarceloHCabrera
47,2020-11-08 20:48:19,Marcelo Cabrera,12,MarceloHCabrera
41,2020-11-08 18:25:47,Marcelo Cabrera,5,MarceloHCabrera
31,2020-11-07 17:44:37,Marcelo Cabrera,3,MarceloHCabrera
89,2020-11-03 13:11:45,Marcelo Cabrera,16,MarceloHCabrera
66,2020-11-02 02:07:04,Marcelo Cabrera,9,MarceloHCabrera
26,2020-11-01 17:49:41,Marcelo Cabrera,5,MarceloHCabrera
49,2020-10-31 03:08:17,Marcelo Cabrera,4,MarceloHCabrera
50,2020-10-28 17:15:59,Marcelo Cabrera,7,MarceloHCabrera
28,2020-10-26 17:07:12,Marcelo Cabrera,3,MarceloHCabrera
15,2020-10-22 16:30:42,Marcelo Cabrera,4,MarceloHCabrera
39,2020-10-11 22:46:51,Marcelo Cabrera,6,MarceloHCabrera
3,2020-10-10 22:25:42,Marcelo Cabrera,0,MarceloHCabrera
44,2020-10-09 14:56:41,Marcelo Cabrera,5,MarceloHCabrera
7,2020-10-02 01:08:07,Marcelo Cabrera,0,MarceloHCabrera
1,2020-10-01 16:10:18,Marcelo Cabrera,0,MarceloHCabrera
0,2020-12-10 14:59:53,Xavier Román,0,zavieroman
0,2020-12-03 00:20:41,Xavier Román,0,zavieroman
0,2020-11-21 23:16:52,Xavier Román,0,zavieroman
0,2020-11-21 22:57:53,Xavier Román,0,zavieroman
0,2020-11-21 22:57:51,Xavier Román,0,zavieroman
0,2020-11-21 22:26:15,Xavier Román,0,zavieroman
0,2020-11-17 03:53:47,Xavier Román,0,zavieroman
0,2020-11-17 03:51:17,Xavier Román,0,zavieroman
1,2020-11-14 03:43:05,Xavier Román,0,zavieroman
0,2020-11-13 13:37:24,Xavier Román,0,zavieroman
0,2020-11-13 13:33:58,Xavier Román,0,zavieroman
0,2020-11-13 12:09:13,Xavier Román,0,zavieroman
0,2020-11-12 14:24:00,Xavier Román,0,zavieroman
0,2020-11-09 19:45:14,Xavier Román,0,zavieroman
0,2020-11-09 17:07:36,Xavier Román,0,zavieroman
0,2020-11-09 14:49:45,Xavier Román,0,zavieroman
0,2020-11-07 23:14:11,Xavier Román,0,zavieroman
0,2020-11-07 22:15:37,Xavier Román,0,zavieroman
0,2020-11-07 22:08:44,Xavier Román,0,zavieroman
0,2020-11-07 03:54:24,Xavier Román,0,zavieroman
1,2020-11-07 03:36:13,Xavier Román,0,zavieroman
0,2020-11-07 03:31:17,Xavier Román,0,zavieroman
1,2020-11-05 02:51:15,Xavier Román,0,zavieroman
0,2020-11-05 02:32:07,Xavier Román,0,zavieroman
0,2020-11-05 01:02:50,Xavier Román,0,zavieroman
0,2020-11-05 00:06:43,Xavier Román,0,zavieroman
0,2020-11-04 18:52:50,Xavier Román,0,zavieroman
1,2020-11-04 18:52:19,Xavier Román,0,zavieroman
1,2020-11-04 18:35:39,Xavier Román,0,zavieroman
0,2020-11-04 17:00:17,Xavier Román,0,zavieroman
0,2020-11-04 16:59:11,Xavier Román,0,zavieroman
85,2020-11-04 13:31:10,Xavier Román,5,zavieroman
0,2020-11-04 13:30:52,Xavier Román,0,zavieroman
4,2020-11-03 23:13:27,Xavier Román,0,zavieroman
0,2020-11-03 23:12:34,Xavier Román,0,zavieroman
0,2020-10-20 18:39:55,Xavier Román,0,zavieroman
5,2020-10-20 18:35:15,Xavier Román,0,zavieroman
39,2020-10-20 14:23:15,Xavier Román,0,zavieroman
0,2020-10-11 03:57:17,Xavier Román,0,zavieroman
1,2020-10-09 04:22:47,Xavier Román,0,zavieroman
